Date,Open,High,Low,Close,Volume
2023-11-06 07:00:00,17.25,17.25,17.25,17.25,501
2023-11-06 07:05:00,17.25,17.25,17.25,17.25,17
2023-11-06 07:10:00,17.25,17.25,17.25,17.25,18
2023-11-06 07:20:00,17.25,17.25,17.25,17.25,500
2023-11-06 07:30:00,17.25,17.25,17.18,17.18,10
2023-11-06 07:40:00,17.25,17.25,17.25,17.25,30
2023-11-06 07:45:00,17.25,17.25,17.25,17.25,253
2023-11-06 07:50:00,17.25,17.29,17.25,17.29,16
2023-11-06 07:55:00,17.25,17.26,17.25,17.25,2208
2023-11-06 08:00:00,17.3,17.5,17.17,17.17,3725
2023-11-06 08:05:00,17.17,17.25,17.0,17.17,195
2023-11-06 08:10:00,17.264,17.3,17.15,17.15,592
2023-11-06 08:15:00,17.26,17.26,17.26,17.26,177
2023-11-06 08:20:00,17.25,17.26,17.15,17.16,1761
2023-11-06 08:25:00,17.0,17.16,16.9,16.9,109
2023-11-06 08:30:00,17.0,17.0,16.9,17.0,61
2023-11-06 08:35:00,17.0,17.0,16.9,17.0,993
2023-11-06 08:40:00,17.17,17.17,17.17,17.17,431
2023-11-06 08:45:00,17.03,17.16,17.03,17.16,7
2023-11-06 08:50:00,17.15,17.15,16.86,17.15,474
2023-11-06 08:55:00,16.93,17.16,16.9,16.92,435
2023-11-06 09:00:00,17.16,17.16,17.03,17.03,1014
2023-11-06 09:05:00,16.92,17.16,16.91,17.16,388
2023-11-06 09:10:00,17.15,17.15,17.0,17.04,312
2023-11-06 09:15:00,17.06,17.06,17.06,17.06,3518
2023-11-06 09:20:00,17.06,17.06,17.06,17.06,1459
2023-11-06 09:25:00,17.16,17.76,17.14,17.46,11966
2023-11-06 09:30:00,17.25,17.5,16.92,16.955,216360
2023-11-06 09:35:00,16.92,16.92,16.55,16.62,55638
2023-11-06 09:40:00,16.635,16.75,16.25,16.27,77358
2023-11-06 09:45:00,16.31,16.4,16.14,16.35,63339
2023-11-06 09:50:00,16.35,16.6,16.33,16.33,42631
2023-11-06 09:55:00,16.37,16.66,16.32,16.57,24316
2023-11-06 10:00:00,16.59,16.86,16.56,16.575,40255
2023-11-06 10:05:00,16.575,16.575,16.48,16.54,27287
2023-11-06 10:10:00,16.54,16.56,16.29,16.29,40294
2023-11-06 10:15:00,16.3,16.44,16.29,16.355,27193
2023-11-06 10:20:00,16.355,16.38,16.29,16.29,20088
2023-11-06 10:25:00,16.27,16.28,16.2,16.28,28204
2023-11-06 10:30:00,16.33,16.445,16.31,16.37,43929
2023-11-06 10:35:00,16.36,16.44,16.33,16.43,10376
2023-11-06 10:40:00,16.43,16.46,16.39,16.408,21482
2023-11-06 10:45:00,16.4,16.4,16.3,16.3,14054
2023-11-06 10:50:00,16.3,16.37,16.3,16.36,11920
2023-11-06 10:55:00,16.36,16.56,16.32,16.35,31445
2023-11-06 11:00:00,16.35,16.35,16.32,16.32,6346
2023-11-06 11:05:00,16.32,16.41,16.31,16.36,13040
2023-11-06 11:10:00,16.38,16.38,16.3,16.3,10458
2023-11-06 11:15:00,16.28,16.28,16.25,16.27,10834
2023-11-06 11:20:00,16.27,16.27,16.14,16.2,29894
2023-11-06 11:25:00,16.18,16.36,16.18,16.335,31133
2023-11-06 11:30:00,16.33,16.33,16.24,16.25,14975
2023-11-06 11:35:00,16.245,16.28,16.245,16.255,8606
2023-11-06 11:40:00,16.25,16.25,16.13,16.19,10124
2023-11-06 11:45:00,16.19,16.19,16.069,16.09,10374
2023-11-06 11:50:00,16.12,16.19,16.12,16.16,7480
2023-11-06 11:55:00,16.16,16.18,16.11,16.13,12077
2023-11-06 12:00:00,16.135,16.19,16.12,16.12,10899
2023-11-06 12:05:00,16.12,16.12,16.05,16.115,12185
2023-11-06 12:10:00,16.115,16.12,16.1,16.11,2509
2023-11-06 12:15:00,16.11,16.134,16.11,16.12,9977
2023-11-06 12:20:00,16.12,16.12,15.99,16.02,24303
2023-11-06 12:25:00,16.02,16.06,16.0,16.055,18481
2023-11-06 12:30:00,16.05,16.08,16.02,16.02,8957
2023-11-06 12:35:00,16.01,16.06,16.01,16.06,11011
2023-11-06 12:40:00,16.06,16.07,16.05,16.065,10807
2023-11-06 12:45:00,16.065,16.07,16.01,16.02,8550
2023-11-06 12:50:00,16.03,16.03,15.95,15.99,19205
2023-11-06 12:55:00,16.0,16.08,15.981,16.08,10965
2023-11-06 13:00:00,16.08,16.13,16.02,16.02,15292
2023-11-06 13:05:00,16.02,16.035,15.98,15.995,11499
2023-11-06 13:10:00,15.98,16.01,15.92,15.945,16764
2023-11-06 13:15:00,15.91,15.95,15.85,15.855,26414
2023-11-06 13:20:00,15.85,15.85,15.78,15.84,19015
2023-11-06 13:25:00,15.84,15.975,15.83,15.93,19942
2023-11-06 13:30:00,15.92,15.94,15.81,15.87,12127
2023-11-06 13:35:00,15.88,15.975,15.87,15.92,17867
2023-11-06 13:40:00,15.92,15.92,15.87,15.88,3050
2023-11-06 13:45:00,15.87,15.88,15.85,15.86,5936
2023-11-06 13:50:00,15.86,15.87,15.78,15.79,11686
2023-11-06 13:55:00,15.8,15.88,15.8,15.87,9437
2023-11-06 14:00:00,15.88,15.88,15.78,15.81,21339
2023-11-06 14:05:00,15.8,15.8,15.78,15.78,5922
2023-11-06 14:10:00,15.78,15.795,15.765,15.765,9034
2023-11-06 14:15:00,15.77,15.8,15.62,15.8,46539
2023-11-06 14:20:00,15.82,15.91,15.82,15.89,17922
2023-11-06 14:25:00,15.89,15.89,15.82,15.82,14005
2023-11-06 14:30:00,15.825,15.865,15.82,15.865,4586
2023-11-06 14:35:00,15.868,15.87,15.83,15.84,10464
2023-11-06 14:40:00,15.83,15.84,15.81,15.829,26340
2023-11-06 14:45:00,15.82,15.82,15.75,15.76,18756
2023-11-06 14:50:00,15.76,15.84,15.76,15.84,19027
2023-11-06 14:55:00,15.84,15.87,15.83,15.85,8493
2023-11-06 15:00:00,15.85,15.858,15.85,15.855,5093
2023-11-06 15:05:00,15.86,15.86,15.82,15.825,10817
2023-11-06 15:10:00,15.825,15.96,15.78,15.93,46620
2023-11-06 15:15:00,15.935,16.0,15.93,15.995,31596
2023-11-06 15:20:00,15.99,16.06,15.98,15.99,34500
2023-11-06 15:25:00,15.995,15.995,15.94,15.94,39126
2023-11-06 15:30:00,15.96,16.05,15.93,16.05,24723
2023-11-06 15:35:00,16.03,16.03,15.985,16.02,29021
2023-11-06 15:40:00,16.03,16.09,16.03,16.09,25380
2023-11-06 15:45:00,16.073,16.15,16.04,16.12,73410
2023-11-06 15:50:00,16.12,16.24,16.08,16.21,109039
2023-11-06 15:55:00,16.19,16.22,16.13,16.22,196488
2023-11-06 16:00:00,16.22,16.22,16.07,16.08,369324
2023-11-06 16:05:00,16.08,16.08,16.08,16.08,519
2023-11-06 16:10:00,16.2,16.2,16.2,16.2,176062
2023-11-06 16:20:00,16.08,16.08,16.08,16.08,200
2023-11-06 16:30:00,16.07,16.07,16.07,16.07,1
2023-11-06 16:45:00,16.08,16.08,16.08,16.08,13
2023-11-06 16:55:00,16.08,16.08,16.08,16.08,5
2023-11-06 17:30:00,16.08,16.08,16.08,16.08,3
2023-11-06 17:35:00,16.08,16.08,16.08,16.08,176
2023-11-06 17:40:00,16.19,16.19,16.189,16.189,718
2023-11-06 17:45:00,16.189,16.189,16.189,16.189,52
2023-11-06 18:20:00,16.14,16.14,16.1,16.1,25
2023-11-06 18:30:00,16.2,16.2,16.2,16.2,176062
2023-11-06 18:40:00,16.19,16.19,16.19,16.19,1
2023-11-06 19:00:00,16.2,16.2,16.2,16.2,176062
2023-11-06 19:15:00,16.19,16.19,16.19,16.19,328
2023-11-06 19:20:00,16.19,16.19,16.19,16.19,10
2023-11-06 19:30:00,16.09,16.09,16.09,16.09,9
2023-11-06 19:45:00,16.1,16.1,16.1,16.1,25
2023-11-06 19:50:00,16.18,16.27,16.18,16.21,210
2023-11-07 07:00:00,16.29,16.34,16.29,16.34,250
2023-11-07 07:45:00,16.3,16.3,16.3,16.3,2
2023-11-07 07:50:00,16.26,16.26,16.16,16.16,400
2023-11-07 08:00:00,16.3,16.36,16.16,16.16,247
2023-11-07 08:10:00,16.15,16.15,16.15,16.15,7
2023-11-07 08:30:00,16.06,16.06,16.06,16.06,4
2023-11-07 08:45:00,16.06,16.061,16.061,16.061,130
2023-11-07 08:50:00,16.11,16.11,16.11,16.11,6
2023-11-07 08:55:00,16.15,16.15,16.15,16.15,2
2023-11-07 09:10:00,16.06,16.06,16.06,16.06,14
2023-11-07 09:15:00,16.06,16.06,16.06,16.06,1
2023-11-07 09:20:00,16.15,16.16,16.15,16.16,91
2023-11-07 09:25:00,16.19,16.2,16.19,16.2,402
2023-11-07 09:30:00,16.23,16.46,16.175,16.42,33059
2023-11-07 09:35:00,16.4,16.4,16.021,16.021,30210
2023-11-07 09:40:00,16.0,16.13,15.895,16.13,22362
2023-11-07 09:45:00,16.18,16.18,15.985,15.985,18615
2023-11-07 09:50:00,15.93,16.08,15.93,16.04,13781
2023-11-07 09:55:00,16.04,16.29,16.04,16.265,13918
2023-11-07 10:00:00,16.29,16.33,16.17,16.2,19696
2023-11-07 10:05:00,16.2,16.2,16.036,16.11,37614
2023-11-07 10:10:00,16.11,16.19,16.08,16.175,23106
2023-11-07 10:15:00,16.19,16.35,16.165,16.35,43259
2023-11-07 10:20:00,16.34,16.42,16.32,16.41,32020
2023-11-07 10:25:00,16.4,16.53,16.4,16.44,50715
2023-11-07 10:30:00,16.44,16.44,16.22,16.34,42617
2023-11-07 10:35:00,16.345,16.46,16.31,16.41,20338
2023-11-07 10:40:00,16.38,16.39,16.29,16.37,22272
2023-11-07 10:45:00,16.36,16.43,16.34,16.385,22222
2023-11-07 10:50:00,16.385,16.4,16.31,16.325,20778
2023-11-07 10:55:00,16.31,16.32,16.23,16.27,30963
2023-11-07 11:00:00,16.28,16.28,16.13,16.21,28951
2023-11-07 11:05:00,16.21,16.27,16.2,16.24,18850
2023-11-07 11:10:00,16.24,16.29,16.21,16.28,23150
2023-11-07 11:15:00,16.28,16.32,16.28,16.296,9399
2023-11-07 11:20:00,16.3,16.3,16.24,16.25,8731
2023-11-07 11:25:00,16.24,16.245,16.175,16.24,20308
2023-11-07 11:30:00,16.24,16.29,16.24,16.25,11397
2023-11-07 11:35:00,16.24,16.25,16.21,16.25,13268
2023-11-07 11:40:00,16.235,16.28,16.235,16.28,7563
2023-11-07 11:45:00,16.24,16.24,16.17,16.17,13081
2023-11-07 11:50:00,16.17,16.17,16.08,16.13,12655
2023-11-07 11:55:00,16.12,16.3,16.11,16.3,15510
2023-11-07 12:00:00,16.3,16.35,16.23,16.26,29434
2023-11-07 12:05:00,16.24,16.27,16.2,16.27,13878
2023-11-07 12:10:00,16.25,16.26,16.11,16.23,27796
2023-11-07 12:15:00,16.23,16.34,16.21,16.295,27202
2023-11-07 12:20:00,16.28,16.32,16.25,16.27,12263
2023-11-07 12:25:00,16.3,16.3,16.26,16.26,4618
2023-11-07 12:30:00,16.25,16.25,16.2,16.245,7213
2023-11-07 12:35:00,16.23,16.23,16.19,16.19,12338
2023-11-07 12:40:00,16.182,16.189,16.13,16.185,9600
2023-11-07 12:45:00,16.185,16.24,16.18,16.199,22912
2023-11-07 12:50:00,16.19,16.31,16.19,16.31,11025
2023-11-07 12:55:00,16.31,16.34,16.28,16.32,17258
2023-11-07 13:00:00,16.32,16.42,16.32,16.38,23786
2023-11-07 13:05:00,16.37,16.39,16.34,16.37,8850
2023-11-07 13:10:00,16.395,16.48,16.395,16.44,23218
2023-11-07 13:15:00,16.43,16.46,16.41,16.46,16604
2023-11-07 13:20:00,16.46,16.52,16.44,16.46,25911
2023-11-07 13:25:00,16.46,16.47,16.38,16.38,7860
2023-11-07 13:30:00,16.37,16.445,16.36,16.445,9123
2023-11-07 13:35:00,16.445,16.45,16.38,16.42,12308
2023-11-07 13:40:00,16.4,16.4,16.35,16.36,17280
2023-11-07 13:45:00,16.38,16.45,16.38,16.41,20239
2023-11-07 13:50:00,16.41,16.42,16.37,16.4,11698
2023-11-07 13:55:00,16.42,16.42,16.31,16.33,13926
2023-11-07 14:00:00,16.34,16.42,16.325,16.39,10664
2023-11-07 14:05:00,16.39,16.39,16.33,16.34,11349
2023-11-07 14:10:00,16.34,16.39,16.33,16.34,30545
2023-11-07 14:15:00,16.33,16.37,16.33,16.37,11081
2023-11-07 14:20:00,16.365,16.38,16.36,16.36,6244
2023-11-07 14:25:00,16.36,16.37,16.32,16.32,10543
2023-11-07 14:30:00,16.33,16.34,16.3,16.33,17871
2023-11-07 14:35:00,16.32,16.33,16.25,16.25,7763
2023-11-07 14:40:00,16.242,16.242,16.21,16.215,9698
2023-11-07 14:45:00,16.22,16.265,16.22,16.26,12798
2023-11-07 14:50:00,16.25,16.255,16.24,16.255,11892
2023-11-07 14:55:00,16.25,16.27,16.21,16.26,15940
2023-11-07 15:00:00,16.26,16.295,16.255,16.26,30995
2023-11-07 15:05:00,16.255,16.26,16.245,16.245,13377
2023-11-07 15:10:00,16.245,16.255,16.225,16.235,16308
2023-11-07 15:15:00,16.235,16.235,16.22,16.23,22256
2023-11-07 15:20:00,16.24,16.39,16.23,16.39,29992
2023-11-07 15:25:00,16.38,16.49,16.38,16.49,33633
2023-11-07 15:30:00,16.48,16.52,16.45,16.5,52975
2023-11-07 15:35:00,16.5,16.64,16.5,16.64,56180
2023-11-07 15:40:00,16.64,16.69,16.62,16.69,72416
2023-11-07 15:45:00,16.7,16.75,16.64,16.72,80061
2023-11-07 15:50:00,16.74,16.775,16.715,16.77,72542
2023-11-07 15:55:00,16.77,16.8,16.72,16.8,250905
2023-11-07 16:00:00,16.8,16.8,16.3,16.79,439660
2023-11-07 16:10:00,16.8,16.8,16.8,16.8,206481
2023-11-07 16:15:00,16.75,16.79,16.75,16.79,11
2023-11-07 16:50:00,16.79,16.79,16.75,16.75,26
2023-11-07 16:55:00,16.3,16.3,16.3,16.3,1
2023-11-07 17:00:00,16.2,16.79,16.2,16.79,5
2023-11-07 17:10:00,16.3,16.3,16.3,16.3,2
2023-11-07 17:35:00,16.75,16.75,16.75,16.75,200
2023-11-07 17:55:00,16.69,16.69,16.51,16.51,50
2023-11-07 18:30:00,16.8,16.8,16.7,16.7,206561
2023-11-07 18:45:00,16.7,16.7,16.7,16.7,500
2023-11-07 19:00:00,16.8,16.8,16.8,16.8,206481
2023-11-07 19:25:00,16.4,16.53,16.4,16.53,17
2023-11-07 19:30:00,16.4,16.4,16.4,16.4,1
2023-11-08 07:45:00,16.75,16.79,16.75,16.79,176
2023-11-08 07:50:00,16.83,16.84,16.83,16.84,59
2023-11-08 08:00:00,16.85,16.85,16.75,16.75,624
2023-11-08 08:10:00,16.84,16.84,16.84,16.84,1
2023-11-08 08:15:00,16.78,16.78,16.78,16.78,200
2023-11-08 08:20:00,16.782,16.782,16.782,16.782,10
2023-11-08 08:35:00,16.8,16.85,16.8,16.84,1085
2023-11-08 08:40:00,16.94,16.94,16.94,16.94,4
2023-11-08 08:45:00,16.78,16.78,16.78,16.78,300
2023-11-08 08:55:00,16.77,16.78,16.76,16.76,331
2023-11-08 09:05:00,16.78,16.8,16.78,16.8,330
2023-11-08 09:10:00,16.82,16.96,16.82,16.96,600
2023-11-08 09:15:00,16.8,16.95,16.8,16.95,501
2023-11-08 09:20:00,16.85,16.85,16.85,16.85,24
2023-11-08 09:25:00,16.82,16.84,16.71,16.71,1622
2023-11-08 09:30:00,16.64,16.718,16.16,16.195,68615
2023-11-08 09:35:00,16.23,16.57,16.185,16.54,25293
2023-11-08 09:40:00,16.51,16.56,16.402,16.51,17871
2023-11-08 09:45:00,16.49,16.51,16.26,16.26,26154
2023-11-08 09:50:00,16.218,16.36,16.218,16.36,36514
2023-11-08 09:55:00,16.35,16.38,16.2,16.2,23049
2023-11-08 10:00:00,16.2,16.2,16.02,16.129,68616
2023-11-08 10:05:00,16.11,16.24,16.1,16.215,29999
2023-11-08 10:10:00,16.215,16.24,16.08,16.08,33290
2023-11-08 10:15:00,16.07,16.22,16.06,16.2,12430
2023-11-08 10:20:00,16.15,16.29,16.14,16.23,19879
2023-11-08 10:25:00,16.23,16.23,16.15,16.23,23997
2023-11-08 10:30:00,16.23,16.285,16.17,16.18,9870
2023-11-08 10:35:00,16.16,16.26,16.13,16.2,17297
2023-11-08 10:40:00,16.18,16.285,16.14,16.25,39698
2023-11-08 10:45:00,16.2,16.36,16.2,16.34,15075
2023-11-08 10:50:00,16.36,16.41,16.36,16.37,26843
2023-11-08 10:55:00,16.38,16.41,16.31,16.34,16698
2023-11-08 11:00:00,16.33,16.37,16.3,16.3,13129
2023-11-08 11:05:00,16.29,16.29,16.2,16.27,9412
2023-11-08 11:10:00,16.29,16.32,16.26,16.26,4102
2023-11-08 11:15:00,16.27,16.36,16.25,16.34,12708
2023-11-08 11:20:00,16.335,16.335,16.28,16.28,6835
2023-11-08 11:25:00,16.27,16.31,16.245,16.31,13930
2023-11-08 11:30:00,16.3,16.34,16.29,16.34,15389
2023-11-08 11:35:00,16.35,16.39,16.34,16.38,21794
2023-11-08 11:40:00,16.37,16.43,16.35,16.36,26085
2023-11-08 11:45:00,16.35,16.395,16.35,16.37,7785
2023-11-08 11:50:00,16.37,16.37,16.27,16.29,11665
2023-11-08 11:55:00,16.29,16.308,16.21,16.21,13545
2023-11-08 12:00:00,16.225,16.23,16.19,16.19,7240
2023-11-08 12:05:00,16.18,16.195,16.13,16.19,11541
2023-11-08 12:10:00,16.18,16.45,16.18,16.33,34432
2023-11-08 12:15:00,16.3,16.38,16.28,16.35,21966
2023-11-08 12:20:00,16.34,16.42,16.34,16.4,27840
2023-11-08 12:25:00,16.42,16.44,16.38,16.395,22630
2023-11-08 12:30:00,16.38,16.39,16.298,16.298,8651
2023-11-08 12:35:00,16.29,16.38,16.25,16.38,12437
2023-11-08 12:40:00,16.38,16.46,16.36,16.45,20333
2023-11-08 12:45:00,16.45,16.45,16.38,16.41,16541
2023-11-08 12:50:00,16.41,16.44,16.37,16.39,18695
2023-11-08 12:55:00,16.41,16.42,16.33,16.34,12646
2023-11-08 13:00:00,16.32,16.35,16.3,16.33,7340
2023-11-08 13:05:00,16.35,16.405,16.35,16.39,13582
2023-11-08 13:10:00,16.395,16.43,16.37,16.41,9442
2023-11-08 13:15:00,16.405,16.44,16.39,16.4,15442
2023-11-08 13:20:00,16.402,16.44,16.36,16.41,10891
2023-11-08 13:25:00,16.42,16.46,16.42,16.45,16776
2023-11-08 13:30:00,16.46,16.49,16.46,16.485,10381
2023-11-08 13:35:00,16.485,16.53,16.48,16.51,24047
2023-11-08 13:40:00,16.515,16.52,16.475,16.49,13520
2023-11-08 13:45:00,16.5,16.5,16.48,16.49,8335
2023-11-08 13:50:00,16.49,16.5,16.42,16.44,17019
2023-11-08 13:55:00,16.44,16.48,16.44,16.475,8284
2023-11-08 14:00:00,16.48,16.565,16.48,16.56,21233
2023-11-08 14:05:00,16.555,16.62,16.555,16.59,13529
2023-11-08 14:10:00,16.59,16.59,16.51,16.52,7837
2023-11-08 14:15:00,16.51,16.535,16.51,16.53,4313
2023-11-08 14:20:00,16.53,16.53,16.49,16.49,4627
2023-11-08 14:25:00,16.495,16.495,16.45,16.465,12466
2023-11-08 14:30:00,16.47,16.48,16.4,16.4,11304
2023-11-08 14:35:00,16.4,16.41,16.38,16.385,19168
2023-11-08 14:40:00,16.4,16.45,16.395,16.45,19446
2023-11-08 14:45:00,16.455,16.455,16.43,16.43,5654
2023-11-08 14:50:00,16.43,16.45,16.41,16.44,14897
2023-11-08 14:55:00,16.43,16.445,16.4,16.4,11089
2023-11-08 15:00:00,16.41,16.42,16.39,16.42,16798
2023-11-08 15:05:00,16.42,16.44,16.37,16.37,17050
2023-11-08 15:10:00,16.38,16.38,16.32,16.345,14841
2023-11-08 15:15:00,16.34,16.34,16.31,16.34,12966
2023-11-08 15:20:00,16.34,16.34,16.29,16.31,21603
2023-11-08 15:25:00,16.31,16.31,16.275,16.285,13177
2023-11-08 15:30:00,16.28,16.28,16.23,16.235,20892
2023-11-08 15:35:00,16.233,16.29,16.233,16.29,29337
2023-11-08 15:40:00,16.29,16.34,16.25,16.33,46717
2023-11-08 15:45:00,16.325,16.325,16.29,16.295,54887
2023-11-08 15:50:00,16.293,16.3,16.25,16.25,143708
2023-11-08 15:55:00,16.25,16.34,16.25,16.33,205145
2023-11-08 16:00:00,16.33,16.33,16.33,16.33,593593
2023-11-08 16:05:00,16.33,16.33,16.33,16.33,108302
2023-11-08 16:10:00,16.33,16.36,16.33,16.36,274832
2023-11-08 16:20:00,16.33,16.33,16.33,16.33,22
2023-11-08 16:25:00,16.11,16.11,16.11,16.11,300
2023-11-08 16:30:00,16.25,16.25,16.25,16.25,100
2023-11-08 16:35:00,16.37,16.37,16.37,16.37,15
2023-11-08 16:40:00,16.36,16.36,16.36,16.36,1
2023-11-08 17:00:00,16.3,16.3,16.3,16.3,5
2023-11-08 17:05:00,16.3,16.3,16.3,16.3,10
2023-11-08 17:10:00,16.3,16.3,16.3,16.3,36
2023-11-08 17:20:00,16.26,16.26,16.26,16.26,4
2023-11-08 17:25:00,16.251,16.251,16.251,16.251,1
2023-11-08 17:50:00,16.3,16.3,16.3,16.3,2
2023-11-08 17:55:00,16.26,16.3,16.25,16.3,1101
2023-11-08 18:00:00,16.25,16.25,16.25,16.25,200
2023-11-08 18:15:00,16.29,16.3,16.29,16.3,800
2023-11-08 18:20:00,16.29,16.29,16.29,16.29,400
2023-11-08 18:25:00,16.29,16.29,16.29,16.29,500
2023-11-08 18:30:00,16.33,16.33,16.3,16.3,274835
2023-11-08 18:35:00,16.3,16.3,16.3,16.3,1
2023-11-08 19:00:00,16.33,16.33,16.33,16.33,274831
2023-11-08 19:05:00,16.29,16.29,16.24,16.24,122
2023-11-08 19:40:00,16.238,16.238,16.238,16.238,10
2023-11-08 19:50:00,16.24,16.24,16.24,16.24,100
2023-11-09 04:00:00,16.0,16.23,16.0,16.23,7
2023-11-09 06:55:00,16.24,16.24,16.24,16.24,1
2023-11-09 07:00:00,16.24,16.24,16.24,16.24,238
2023-11-09 08:00:00,16.26,16.26,16.0,16.0,2750
2023-11-09 08:10:00,16.26,16.26,16.26,16.26,4
2023-11-09 08:20:00,16.299,16.299,16.299,16.299,12
2023-11-09 08:40:00,16.25,16.25,16.25,16.25,2
2023-11-09 08:50:00,16.26,16.3,16.26,16.26,1101
2023-11-09 09:05:00,16.3,16.3,16.3,16.3,183
2023-11-09 09:10:00,16.299,16.299,16.299,16.299,4
2023-11-09 09:15:00,16.26,16.3,16.26,16.3,9305
2023-11-09 09:20:00,16.3,16.3,16.3,16.3,5920
2023-11-09 09:25:00,16.52,16.52,16.52,16.52,20
2023-11-09 09:30:00,16.7,16.7,16.28,16.305,17599
2023-11-09 09:35:00,16.26,16.38,16.185,16.38,23149
2023-11-09 09:40:00,16.38,16.42,16.29,16.37,18373
2023-11-09 09:45:00,16.365,16.415,16.25,16.36,23799
2023-11-09 09:50:00,16.39,16.48,16.39,16.39,10472
2023-11-09 09:55:00,16.395,16.46,16.38,16.42,13478
2023-11-09 10:00:00,16.41,16.42,16.31,16.375,21318
2023-11-09 10:05:00,16.375,16.4,16.338,16.4,16302
2023-11-09 10:10:00,16.388,16.46,16.38,16.41,15651
2023-11-09 10:15:00,16.42,16.47,16.38,16.38,7638
2023-11-09 10:20:00,16.4,16.41,16.29,16.32,23767
2023-11-09 10:25:00,16.33,16.33,16.25,16.26,14898
2023-11-09 10:30:00,16.27,16.29,16.21,16.24,9005
2023-11-09 10:35:00,16.24,16.32,16.23,16.31,16165
2023-11-09 10:40:00,16.3,16.33,16.27,16.28,10999
2023-11-09 10:45:00,16.28,16.36,16.28,16.36,10600
2023-11-09 10:50:00,16.334,16.39,16.334,16.39,9818
2023-11-09 10:55:00,16.381,16.395,16.31,16.31,8678
2023-11-09 11:00:00,16.315,16.37,16.303,16.313,18962
2023-11-09 11:05:00,16.31,16.32,16.26,16.29,11300
2023-11-09 11:10:00,16.29,16.29,16.23,16.23,13420
2023-11-09 11:15:00,16.22,16.28,16.19,16.21,9921
2023-11-09 11:20:00,16.2,16.2,16.15,16.18,14812
2023-11-09 11:25:00,16.17,16.19,16.16,16.17,11231
2023-11-09 11:30:00,16.16,16.2,16.16,16.19,8224
2023-11-09 11:35:00,16.2,16.21,16.16,16.17,9889
2023-11-09 11:40:00,16.165,16.165,16.13,16.15,5588
2023-11-09 11:45:00,16.15,16.24,16.15,16.21,7383
2023-11-09 11:50:00,16.21,16.235,16.19,16.19,13539
2023-11-09 11:55:00,16.19,16.193,16.14,16.18,10769
2023-11-09 12:00:00,16.17,16.235,16.155,16.235,6248
2023-11-09 12:05:00,16.23,16.23,16.17,16.17,5394
2023-11-09 12:10:00,16.17,16.19,16.1,16.1,6666
2023-11-09 12:15:00,16.07,16.08,16.012,16.045,15649
2023-11-09 12:20:00,16.031,16.09,16.031,16.082,3738
2023-11-09 12:25:00,16.08,16.08,16.0,16.0,7115
2023-11-09 12:30:00,16.01,16.08,15.98,16.08,24209
2023-11-09 12:35:00,16.09,16.11,16.04,16.04,14034
2023-11-09 12:40:00,16.056,16.06,16.04,16.06,2950
2023-11-09 12:45:00,16.08,16.14,16.08,16.11,9464
2023-11-09 12:50:00,16.12,16.15,16.11,16.11,3251
2023-11-09 12:55:00,16.1,16.13,16.08,16.11,10878
2023-11-09 13:00:00,16.1,16.1,15.98,16.0,23330
2023-11-09 13:05:00,16.0,16.0,15.91,15.94,15406
2023-11-09 13:10:00,15.95,16.1,15.95,16.1,13821
2023-11-09 13:15:00,16.13,16.14,16.08,16.08,17201
2023-11-09 13:20:00,16.08,16.13,16.08,16.106,12554
2023-11-09 13:25:00,16.12,16.12,16.07,16.07,8187
2023-11-09 13:30:00,16.07,16.077,16.035,16.04,7865
2023-11-09 13:35:00,16.045,16.07,16.02,16.02,4167
2023-11-09 13:40:00,16.02,16.02,15.94,15.96,14859
2023-11-09 13:45:00,15.96,16.01,15.96,15.99,8819
2023-11-09 13:50:00,16.02,16.02,15.955,15.97,8642
2023-11-09 13:55:00,15.98,15.98,15.93,15.948,8149
2023-11-09 14:00:00,15.94,15.94,15.859,15.86,13298
2023-11-09 14:05:00,15.86,15.96,15.85,15.96,23152
2023-11-09 14:10:00,15.95,15.96,15.9,15.903,22227
2023-11-09 14:15:00,15.89,15.9,15.87,15.88,16088
2023-11-09 14:20:00,15.89,15.93,15.87,15.93,10167
2023-11-09 14:25:00,15.92,15.98,15.92,15.97,25288
2023-11-09 14:30:00,16.0,16.02,15.97,15.97,21456
2023-11-09 14:35:00,15.98,16.0,15.9,15.97,35012
2023-11-09 14:40:00,15.96,15.969,15.87,15.92,26680
2023-11-09 14:45:00,15.91,15.94,15.85,15.9,22241
2023-11-09 14:50:00,15.9,15.9,15.79,15.84,23696
2023-11-09 14:55:00,15.85,15.88,15.76,15.79,22733
2023-11-09 15:00:00,15.79,15.79,15.7,15.73,26585
2023-11-09 15:05:00,15.73,15.77,15.69,15.75,30703
2023-11-09 15:10:00,15.74,15.74,15.67,15.69,19481
2023-11-09 15:15:00,15.67,15.67,15.615,15.623,10410
2023-11-09 15:20:00,15.63,15.63,15.5,15.5,25345
2023-11-09 15:25:00,15.504,15.53,15.45,15.45,29112
2023-11-09 15:30:00,15.435,15.5,15.435,15.47,35472
2023-11-09 15:35:00,15.475,15.475,15.41,15.45,26930
2023-11-09 15:40:00,15.45,15.48,15.405,15.405,36398
2023-11-09 15:45:00,15.405,15.45,15.4,15.43,35566
2023-11-09 15:50:00,15.45,15.53,15.45,15.49,70326
2023-11-09 15:55:00,15.49,15.54,15.44,15.54,202351
2023-11-09 16:00:00,15.54,15.54,15.52,15.52,286248
2023-11-09 16:05:00,16.15,16.15,16.15,16.15,2
2023-11-09 16:10:00,15.52,15.52,15.52,15.52,132779
2023-11-09 16:15:00,15.57,15.62,15.57,15.62,20
2023-11-09 16:20:00,15.5,15.5,15.4,15.4,21
2023-11-09 16:25:00,15.49,15.82,15.49,15.82,100
2023-11-09 16:50:00,15.406,15.406,15.4,15.4,1100
2023-11-09 16:55:00,15.48,15.48,15.48,15.48,15
2023-11-09 17:00:00,16.11,16.11,15.49,15.49,3
2023-11-09 17:15:00,15.5,15.5,15.5,15.5,50
2023-11-09 18:00:00,15.49,15.49,15.49,15.49,1
2023-11-09 18:15:00,15.498,15.498,15.498,15.498,1
2023-11-09 18:25:00,15.48,15.48,15.48,15.48,1
2023-11-09 18:30:00,15.52,15.52,15.52,15.52,132769
2023-11-09 19:00:00,15.52,15.52,15.41,15.48,133034
2023-11-09 19:30:00,15.5,15.5,15.5,15.5,1
2023-11-09 19:40:00,15.41,15.41,15.41,15.41,300
2023-11-09 19:50:00,15.5,15.5,15.5,15.5,1
2023-11-09 19:55:00,15.97,15.97,15.5,15.5,12
2023-11-10 05:45:00,15.39,15.4,15.36,15.36,403
2023-11-10 07:55:00,15.52,15.52,15.52,15.52,100
2023-11-10 08:00:00,15.65,15.65,15.51,15.51,28
2023-11-10 08:45:00,15.76,15.76,15.76,15.76,10
2023-11-10 08:55:00,15.76,15.76,15.76,15.76,50
2023-11-10 09:10:00,15.74,15.74,15.74,15.74,25
2023-11-10 09:15:00,15.55,15.55,15.55,15.55,1
2023-11-10 09:20:00,15.65,15.65,15.65,15.65,15
2023-11-10 09:25:00,15.51,15.51,15.51,15.51,6
2023-11-10 09:30:00,15.52,15.635,15.46,15.5,37914
2023-11-10 09:35:00,15.525,15.7,15.51,15.65,9376
2023-11-10 09:40:00,15.68,15.77,15.63,15.758,12127
2023-11-10 09:45:00,15.77,15.77,15.47,15.63,24798
2023-11-10 09:50:00,15.6,15.7,15.58,15.67,6802
2023-11-10 09:55:00,15.67,15.73,15.44,15.51,26015
2023-11-10 10:00:00,15.45,15.63,15.43,15.58,14857
2023-11-10 10:05:00,15.56,15.65,15.56,15.59,21047
2023-11-10 10:10:00,15.57,15.7,15.55,15.68,13841
2023-11-10 10:15:00,15.7,15.7,15.66,15.68,13320
2023-11-10 10:20:00,15.67,15.77,15.64,15.66,15399
2023-11-10 10:25:00,15.62,15.63,15.56,15.56,8129
2023-11-10 10:30:00,15.56,15.61,15.56,15.6,9906
2023-11-10 10:35:00,15.62,15.65,15.57,15.57,15651
2023-11-10 10:40:00,15.55,15.56,15.5,15.56,9859
2023-11-10 10:45:00,15.59,15.71,15.55,15.66,26283
2023-11-10 10:50:00,15.66,15.69,15.63,15.64,19027
2023-11-10 10:55:00,15.63,15.67,15.63,15.67,15224
2023-11-10 11:00:00,15.68,15.71,15.63,15.63,10008
2023-11-10 11:05:00,15.65,15.66,15.63,15.632,7528
2023-11-10 11:10:00,15.646,15.65,15.56,15.6,17568
2023-11-10 11:15:00,15.65,15.65,15.59,15.59,4394
2023-11-10 11:20:00,15.59,15.63,15.58,15.605,14352
2023-11-10 11:25:00,15.59,15.6,15.55,15.56,11597
2023-11-10 11:30:00,15.58,15.58,15.5,15.53,12056
2023-11-10 11:35:00,15.52,15.54,15.46,15.525,21560
2023-11-10 11:40:00,15.54,15.59,15.53,15.54,7864
2023-11-10 11:45:00,15.53,15.54,15.49,15.51,8733
2023-11-10 11:50:00,15.51,15.56,15.51,15.51,8401
2023-11-10 11:55:00,15.51,15.52,15.47,15.47,6770
2023-11-10 12:00:00,15.471,15.54,15.471,15.48,15690
2023-11-10 12:05:00,15.48,15.51,15.44,15.48,6650
2023-11-10 12:10:00,15.47,15.515,15.47,15.49,5449
2023-11-10 12:15:00,15.5,15.58,15.5,15.56,8998
2023-11-10 12:20:00,15.57,15.59,15.51,15.51,9796
2023-11-10 12:25:00,15.5,15.51,15.49,15.51,3231
2023-11-10 12:30:00,15.51,15.59,15.51,15.57,9832
2023-11-10 12:35:00,15.58,15.64,15.58,15.64,6501
2023-11-10 12:40:00,15.635,15.675,15.62,15.66,7646
2023-11-10 12:45:00,15.7,15.7,15.62,15.635,12176
2023-11-10 12:50:00,15.62,15.79,15.62,15.79,22248
2023-11-10 12:55:00,15.79,15.79,15.762,15.78,12866
2023-11-10 13:00:00,15.795,15.84,15.785,15.83,28700
2023-11-10 13:05:00,15.84,15.88,15.82,15.86,21173
2023-11-10 13:10:00,15.87,15.88,15.85,15.85,10671
2023-11-10 13:15:00,15.85,15.89,15.85,15.88,9924
2023-11-10 13:20:00,15.88,15.96,15.88,15.93,14054
2023-11-10 13:25:00,15.94,15.982,15.94,15.95,9301
2023-11-10 13:30:00,15.95,15.98,15.93,15.95,11211
2023-11-10 13:35:00,15.95,15.97,15.94,15.94,9859
2023-11-10 13:40:00,15.95,15.98,15.95,15.97,10698
2023-11-10 13:45:00,15.97,16.02,15.97,15.98,30795
2023-11-10 13:50:00,15.98,15.98,15.91,15.913,12106
2023-11-10 13:55:00,15.91,15.95,15.91,15.93,9874
2023-11-10 14:00:00,15.94,15.98,15.94,15.96,5978
2023-11-10 14:05:00,15.96,15.97,15.93,15.945,13662
2023-11-10 14:10:00,15.95,16.03,15.94,16.03,9995
2023-11-10 14:15:00,16.02,16.05,16.0,16.005,17822
2023-11-10 14:20:00,16.002,16.02,15.975,15.99,14300
2023-11-10 14:25:00,16.01,16.06,15.99,16.01,18106
2023-11-10 14:30:00,16.01,16.01,15.98,15.98,11994
2023-11-10 14:35:00,15.98,15.98,15.94,15.95,14778
2023-11-10 14:40:00,15.95,15.98,15.86,15.87,23469
2023-11-10 14:45:00,15.86,15.87,15.795,15.8,17788
2023-11-10 14:50:00,15.83,15.85,15.76,15.795,21852
2023-11-10 14:55:00,15.8,15.8,15.75,15.769,24510
2023-11-10 15:00:00,15.76,15.77,15.71,15.71,15535
2023-11-10 15:05:00,15.72,15.72,15.65,15.69,31763
2023-11-10 15:10:00,15.68,15.74,15.675,15.715,10573
2023-11-10 15:15:00,15.712,15.81,15.71,15.81,9440
2023-11-10 15:20:00,15.79,15.81,15.76,15.76,11857
2023-11-10 15:25:00,15.76,15.81,15.76,15.81,16748
2023-11-10 15:30:00,15.81,15.84,15.8,15.83,17270
2023-11-10 15:35:00,15.82,15.86,15.815,15.86,23818
2023-11-10 15:40:00,15.855,15.87,15.85,15.87,20558
2023-11-10 15:45:00,15.865,15.88,15.85,15.85,27522
2023-11-10 15:50:00,15.85,15.88,15.84,15.845,40614
2023-11-10 15:55:00,15.845,15.85,15.82,15.85,115017
2023-11-10 16:00:00,15.85,15.85,15.75,15.84,245875
2023-11-10 16:05:00,15.75,15.84,15.75,15.84,1410
2023-11-10 16:10:00,15.84,15.84,15.84,15.84,106438
2023-11-10 16:30:00,15.75,15.75,15.75,15.75,4
2023-11-10 16:40:00,15.73,15.73,15.73,15.73,1
2023-11-10 16:55:00,15.75,15.75,15.75,15.75,2
2023-11-10 17:00:00,15.75,15.75,15.75,15.75,10
2023-11-10 17:55:00,15.75,15.75,15.75,15.75,1
2023-11-10 18:30:00,15.84,15.84,15.84,15.84,106438
2023-11-10 18:55:00,15.75,15.75,15.45,15.45,30
2023-11-10 19:00:00,15.84,15.84,15.84,15.84,106438
2023-11-10 19:55:00,15.7,15.71,15.65,15.65,20
2023-11-13 07:00:00,15.79,15.99,15.79,15.99,127
2023-11-13 08:00:00,15.68,16.05,15.68,15.68,4063
2023-11-13 08:20:00,15.7,15.7,15.7,15.7,1
2023-11-13 09:25:00,15.96,15.96,15.75,15.75,701
2023-11-13 09:30:00,15.69,15.84,15.18,15.23,61173
2023-11-13 09:35:00,15.21,15.313,15.14,15.195,34268
2023-11-13 09:40:00,15.23,15.25,15.1,15.14,27301
2023-11-13 09:45:00,15.142,15.17,15.073,15.115,28426
2023-11-13 09:50:00,15.079,15.26,15.079,15.15,30039
2023-11-13 09:55:00,15.14,15.15,15.05,15.11,27667
2023-11-13 10:00:00,15.137,15.137,15.04,15.08,18403
2023-11-13 10:05:00,15.07,15.07,15.01,15.03,29791
2023-11-13 10:10:00,15.04,15.14,15.025,15.12,12826
2023-11-13 10:15:00,15.13,15.18,15.11,15.175,18671
2023-11-13 10:20:00,15.18,15.26,15.17,15.24,10054
2023-11-13 10:25:00,15.24,15.3,15.22,15.28,11576
2023-11-13 10:30:00,15.28,15.285,15.19,15.22,17585
2023-11-13 10:35:00,15.22,15.23,15.175,15.175,9745
2023-11-13 10:40:00,15.17,15.21,15.17,15.18,4132
2023-11-13 10:45:00,15.196,15.25,15.16,15.17,14224
2023-11-13 10:50:00,15.16,15.21,15.16,15.2,9509
2023-11-13 10:55:00,15.19,15.19,15.063,15.09,16055
2023-11-13 11:00:00,15.1,15.125,15.05,15.06,13100
2023-11-13 11:05:00,15.05,15.18,15.043,15.14,12967
2023-11-13 11:10:00,15.14,15.22,15.08,15.215,34527
2023-11-13 11:15:00,15.2,15.21,15.11,15.16,17438
2023-11-13 11:20:00,15.15,15.17,15.11,15.17,6855
2023-11-13 11:25:00,15.17,15.233,15.16,15.233,12925
2023-11-13 11:30:00,15.2,15.3,15.18,15.265,17764
2023-11-13 11:35:00,15.25,15.25,15.2,15.2,9840
2023-11-13 11:40:00,15.19,15.27,15.18,15.24,12743
2023-11-13 11:45:00,15.26,15.35,15.26,15.31,8520
2023-11-13 11:50:00,15.31,15.34,15.29,15.31,14328
2023-11-13 11:55:00,15.315,15.33,15.26,15.26,6485
2023-11-13 12:00:00,15.26,15.28,15.245,15.25,6898
2023-11-13 12:05:00,15.24,15.25,15.18,15.19,9370
2023-11-13 12:10:00,15.2,15.24,15.17,15.219,8596
2023-11-13 12:15:00,15.209,15.21,15.14,15.14,7507
2023-11-13 12:20:00,15.14,15.19,15.13,15.19,6801
2023-11-13 12:25:00,15.19,15.2,15.18,15.18,6246
2023-11-13 12:30:00,15.19,15.22,15.16,15.16,5893
2023-11-13 12:35:00,15.165,15.21,15.14,15.195,26368
2023-11-13 12:40:00,15.22,15.23,15.2,15.23,3441
2023-11-13 12:45:00,15.2,15.21,15.16,15.175,12318
2023-11-13 12:50:00,15.175,15.18,15.15,15.18,2606
2023-11-13 12:55:00,15.17,15.2,15.16,15.2,3935
2023-11-13 13:00:00,15.18,15.2,15.16,15.16,12637
2023-11-13 13:05:00,15.16,15.17,15.125,15.15,10709
2023-11-13 13:10:00,15.14,15.18,15.14,15.174,6495
2023-11-13 13:15:00,15.17,15.24,15.17,15.24,8807
2023-11-13 13:20:00,15.25,15.25,15.16,15.22,20842
2023-11-13 13:25:00,15.21,15.22,15.21,15.22,1938
2023-11-13 13:30:00,15.21,15.23,15.2,15.2,11085
2023-11-13 13:35:00,15.2,15.22,15.19,15.22,4188
2023-11-13 13:40:00,15.25,15.29,15.228,15.29,5935
2023-11-13 13:45:00,15.29,15.32,15.28,15.3,7197
2023-11-13 13:50:00,15.3,15.31,15.28,15.28,5834
2023-11-13 13:55:00,15.272,15.272,15.21,15.21,6233
2023-11-13 14:00:00,15.2,15.24,15.2,15.24,3724
2023-11-13 14:05:00,15.23,15.24,15.22,15.24,3543
2023-11-13 14:10:00,15.23,15.24,15.21,15.24,6596
2023-11-13 14:15:00,15.24,15.24,15.2,15.2,7261
2023-11-13 14:20:00,15.205,15.22,15.19,15.22,6159
2023-11-13 14:25:00,15.225,15.24,15.225,15.235,5992
2023-11-13 14:30:00,15.24,15.27,15.24,15.25,7941
2023-11-13 14:35:00,15.26,15.28,15.26,15.26,4100
2023-11-13 14:40:00,15.26,15.27,15.23,15.235,7726
2023-11-13 14:45:00,15.23,15.23,15.21,15.21,8216
2023-11-13 14:50:00,15.21,15.21,15.18,15.19,6349
2023-11-13 14:55:00,15.19,15.2,15.185,15.2,5456
2023-11-13 15:00:00,15.2,15.205,15.16,15.16,12027
2023-11-13 15:05:00,15.155,15.23,15.145,15.23,15440
2023-11-13 15:10:00,15.22,15.23,15.2,15.2,12316
2023-11-13 15:15:00,15.19,15.2,15.16,15.178,16110
2023-11-13 15:20:00,15.18,15.21,15.15,15.17,19387
2023-11-13 15:25:00,15.17,15.17,15.11,15.11,7796
2023-11-13 15:30:00,15.12,15.14,15.06,15.06,23118
2023-11-13 15:35:00,15.06,15.095,15.06,15.065,25793
2023-11-13 15:40:00,15.065,15.07,15.05,15.06,32564
2023-11-13 15:45:00,15.052,15.065,15.03,15.03,39248
2023-11-13 15:50:00,15.04,15.06,15.01,15.029,70790
2023-11-13 15:55:00,15.02,15.09,15.02,15.05,119139
2023-11-13 16:00:00,15.055,15.17,15.05,15.17,191571
2023-11-13 16:05:00,15.05,15.27,15.05,15.27,2299
2023-11-13 16:10:00,15.05,15.24,15.05,15.24,88645
2023-11-13 16:20:00,15.11,15.35,15.11,15.35,2
2023-11-13 16:30:00,15.05,15.05,15.05,15.05,5
2023-11-13 16:35:00,15.05,15.05,15.049,15.049,7025
2023-11-13 16:45:00,15.05,15.05,15.05,15.05,5013
2023-11-13 16:50:00,15.05,15.05,15.05,15.05,20
2023-11-13 16:55:00,15.05,15.05,15.05,15.05,664
2023-11-13 17:20:00,15.1,15.1,15.1,15.1,1400
2023-11-13 17:25:00,15.49,15.49,15.49,15.49,3
2023-11-13 17:30:00,15.48,15.48,15.26,15.26,311
2023-11-13 17:35:00,15.39,15.39,15.0,15.0,12
2023-11-13 17:40:00,15.26,15.26,15.26,15.26,2
2023-11-13 18:00:00,15.25,15.25,15.25,15.25,1
2023-11-13 18:10:00,15.27,15.27,15.25,15.25,18
2023-11-13 18:30:00,15.05,15.05,15.05,15.05,88395
2023-11-13 18:35:00,15.27,15.27,15.27,15.27,1
2023-11-13 18:45:00,15.27,15.27,15.27,15.27,3
2023-11-13 18:55:00,15.26,15.26,15.26,15.26,14
2023-11-13 19:00:00,15.05,15.21,15.05,15.1,88576
2023-11-13 19:05:00,15.26,15.26,15.26,15.26,200
2023-11-13 19:35:00,15.07,15.07,15.07,15.07,1
2023-11-13 19:50:00,15.26,15.26,15.26,15.26,2
2023-11-14 06:50:00,15.36,15.36,15.36,15.36,100
2023-11-14 07:30:00,15.32,15.32,15.32,15.32,1
2023-11-14 07:55:00,15.36,15.38,15.36,15.38,505
2023-11-14 08:00:00,15.36,15.36,15.26,15.26,604
2023-11-14 08:05:00,15.3,15.3,15.3,15.3,602
2023-11-14 08:15:00,15.3,15.3,15.3,15.3,100
2023-11-14 08:30:00,15.39,15.39,15.39,15.39,105
2023-11-14 08:35:00,15.39,15.4,15.39,15.4,241
2023-11-14 08:40:00,15.4,15.56,15.4,15.56,1392
2023-11-14 08:45:00,15.5,15.6,15.5,15.6,205
2023-11-14 08:50:00,15.59,15.66,15.59,15.66,305
2023-11-14 08:55:00,15.66,15.66,15.66,15.66,335
2023-11-14 09:00:00,15.59,15.59,15.51,15.55,1340
2023-11-14 09:05:00,15.56,15.6,15.56,15.6,1184
2023-11-14 09:10:00,15.6,15.6,15.55,15.55,3
2023-11-14 09:15:00,15.59,15.7,15.59,15.7,871
2023-11-14 09:20:00,15.73,15.8,15.7,15.8,710
2023-11-14 09:25:00,15.86,16.16,15.8,16.16,3883
2023-11-14 09:30:00,16.24,16.315,15.93,16.22,103958
2023-11-14 09:35:00,16.205,16.27,16.11,16.2,72659
2023-11-14 09:40:00,16.163,16.23,16.065,16.103,40177
2023-11-14 09:45:00,16.12,16.3,16.06,16.28,41595
2023-11-14 09:50:00,16.28,16.29,16.161,16.165,31570
2023-11-14 09:55:00,16.16,16.27,16.115,16.19,37542
2023-11-14 10:00:00,16.17,16.17,16.0,16.01,35352
2023-11-14 10:05:00,16.0,16.18,15.98,16.12,56375
2023-11-14 10:10:00,16.12,16.22,16.12,16.144,16719
2023-11-14 10:15:00,16.17,16.18,16.05,16.11,42754
2023-11-14 10:20:00,16.11,16.11,15.99,16.02,33345
2023-11-14 10:25:00,16.03,16.18,16.02,16.18,39120
2023-11-14 10:30:00,16.2,16.38,16.2,16.36,49052
2023-11-14 10:35:00,16.35,16.43,16.35,16.43,36961
2023-11-14 10:40:00,16.43,16.45,16.395,16.4,38704
2023-11-14 10:45:00,16.42,16.57,16.42,16.54,28203
2023-11-14 10:50:00,16.55,16.73,16.55,16.71,46120
2023-11-14 10:55:00,16.7,16.74,16.65,16.68,42667
2023-11-14 11:00:00,16.68,16.83,16.68,16.82,92637
2023-11-14 11:05:00,16.81,16.82,16.725,16.81,36050
2023-11-14 11:10:00,16.8,16.84,16.78,16.821,24931
2023-11-14 11:15:00,16.82,16.9,16.76,16.89,49207
2023-11-14 11:20:00,16.89,16.89,16.71,16.74,43188
2023-11-14 11:25:00,16.75,16.78,16.725,16.745,20828
2023-11-14 11:30:00,16.75,16.845,16.68,16.785,27448
2023-11-14 11:35:00,16.771,16.83,16.771,16.8,14371
2023-11-14 11:40:00,16.805,16.87,16.78,16.86,25306
2023-11-14 11:45:00,16.89,16.89,16.77,16.82,16649
2023-11-14 11:50:00,16.82,16.82,16.76,16.778,10462
2023-11-14 11:55:00,16.778,16.778,16.67,16.68,18274
2023-11-14 12:00:00,16.698,16.698,16.63,16.68,17316
2023-11-14 12:05:00,16.68,16.68,16.57,16.57,13178
2023-11-14 12:10:00,16.57,16.63,16.516,16.516,22518
2023-11-14 12:15:00,16.54,16.555,16.511,16.545,9228
2023-11-14 12:20:00,16.545,16.56,16.48,16.48,15211
2023-11-14 12:25:00,16.49,16.55,16.485,16.485,14556
2023-11-14 12:30:00,16.485,16.58,16.475,16.58,10347
2023-11-14 12:35:00,16.58,16.6,16.51,16.54,23550
2023-11-14 12:40:00,16.539,16.57,16.51,16.548,12621
2023-11-14 12:45:00,16.53,16.55,16.485,16.54,7373
2023-11-14 12:50:00,16.54,16.545,16.52,16.53,7160
2023-11-14 12:55:00,16.53,16.6,16.53,16.59,9378
2023-11-14 13:00:00,16.58,16.6,16.57,16.595,7937
2023-11-14 13:05:00,16.59,16.64,16.57,16.64,12468
2023-11-14 13:10:00,16.64,16.64,16.611,16.615,12956
2023-11-14 13:15:00,16.615,16.666,16.61,16.66,15437
2023-11-14 13:20:00,16.66,16.665,16.65,16.665,3398
2023-11-14 13:25:00,16.67,16.73,16.67,16.715,29661
2023-11-14 13:30:00,16.72,16.73,16.695,16.7,8997
2023-11-14 13:35:00,16.695,16.7,16.69,16.7,3854
2023-11-14 13:40:00,16.7,16.71,16.68,16.68,8375
2023-11-14 13:45:00,16.68,16.69,16.68,16.69,5220
2023-11-14 13:50:00,16.69,16.71,16.59,16.64,15702
2023-11-14 13:55:00,16.64,16.645,16.6,16.6,6133
2023-11-14 14:00:00,16.601,16.601,16.59,16.6,5129
2023-11-14 14:05:00,16.583,16.61,16.54,16.545,12018
2023-11-14 14:10:00,16.54,16.57,16.525,16.56,10190
2023-11-14 14:15:00,16.56,16.56,16.52,16.52,11630
2023-11-14 14:20:00,16.525,16.525,16.47,16.495,10097
2023-11-14 14:25:00,16.498,16.53,16.495,16.525,11493
2023-11-14 14:30:00,16.525,16.54,16.525,16.53,10272
2023-11-14 14:35:00,16.535,16.55,16.53,16.55,8068
2023-11-14 14:40:00,16.545,16.57,16.54,16.56,15722
2023-11-14 14:45:00,16.56,16.6,16.56,16.59,7541
2023-11-14 14:50:00,16.6,16.68,16.595,16.68,11429
2023-11-14 14:55:00,16.67,16.69,16.665,16.675,7882
2023-11-14 15:00:00,16.67,16.75,16.67,16.74,11528
2023-11-14 15:05:00,16.73,16.74,16.7,16.735,16496
2023-11-14 15:10:00,16.74,16.76,16.73,16.735,13618
2023-11-14 15:15:00,16.74,16.829,16.73,16.81,20705
2023-11-14 15:20:00,16.81,16.86,16.81,16.83,22223
2023-11-14 15:25:00,16.82,16.86,16.805,16.86,16021
2023-11-14 15:30:00,16.86,16.895,16.84,16.89,19191
2023-11-14 15:35:00,16.895,16.95,16.895,16.93,42357
2023-11-14 15:40:00,16.93,16.95,16.92,16.94,27810
2023-11-14 15:45:00,16.935,16.94,16.9,16.93,29411
2023-11-14 15:50:00,16.92,16.95,16.915,16.95,69104
2023-11-14 15:55:00,16.95,16.95,16.87,16.87,141735
2023-11-14 16:00:00,16.875,16.875,16.8,16.8,224275
2023-11-14 16:05:00,16.94,16.94,16.94,16.94,1
2023-11-14 16:10:00,16.87,16.9,16.87,16.9,99547
2023-11-14 16:15:00,16.9,16.9,16.9,16.9,23
2023-11-14 16:30:00,16.89,16.89,16.89,16.89,15
2023-11-14 16:35:00,16.6,16.6,16.6,16.6,1
2023-11-14 16:45:00,16.88,16.88,16.65,16.65,63
2023-11-14 17:25:00,16.87,16.87,16.87,16.87,90
2023-11-14 17:35:00,16.6,16.6,16.6,16.6,1
2023-11-14 17:55:00,16.88,16.88,16.88,16.88,100
2023-11-14 18:05:00,16.88,16.88,16.87,16.87,10
2023-11-14 18:10:00,16.88,16.88,16.6,16.6,108
2023-11-14 18:20:00,16.6,16.6,16.6,16.6,500
2023-11-14 18:30:00,16.87,16.87,16.87,16.87,99542
2023-11-14 18:55:00,16.72,16.72,16.6,16.6,1994
2023-11-14 19:00:00,16.87,16.87,16.87,16.87,99542
2023-11-14 19:10:00,16.79,16.79,16.62,16.62,7
2023-11-15 05:30:00,16.9,16.9,16.9,16.9,3
2023-11-15 05:35:00,16.99,17.0,16.99,16.99,695
2023-11-15 05:40:00,17.0,17.0,17.0,17.0,355
2023-11-15 06:05:00,17.1,17.1,17.09,17.1,580
2023-11-15 06:40:00,17.06,17.06,17.06,17.06,3
2023-11-15 06:50:00,17.06,17.16,17.06,17.16,160
2023-11-15 07:15:00,17.0,17.1,17.0,17.09,26
2023-11-15 07:25:00,17.16,17.16,17.16,17.16,4
2023-11-15 07:35:00,17.1,17.1,17.1,17.1,1
2023-11-15 07:45:00,17.13,17.13,17.1,17.1,65
2023-11-15 07:55:00,17.16,17.16,17.16,17.16,10
2023-11-15 08:00:00,17.0,17.24,16.87,16.87,184
2023-11-15 08:05:00,17.13,17.13,17.13,17.13,5
2023-11-15 08:10:00,17.24,17.24,17.14,17.14,55
2023-11-15 08:15:00,17.24,17.24,17.24,17.24,25
2023-11-15 08:20:00,17.224,17.24,17.16,17.16,301
2023-11-15 08:25:00,17.16,17.2,17.1,17.1,504
2023-11-15 08:30:00,17.24,17.24,17.238,17.238,502
2023-11-15 08:35:00,17.24,17.24,17.1,17.1,396
2023-11-15 08:40:00,17.236,17.236,17.1,17.1,80
2023-11-15 08:45:00,17.06,17.06,17.01,17.01,260
2023-11-15 08:55:00,17.01,17.01,17.01,17.01,403
2023-11-15 09:05:00,17.05,17.05,17.01,17.01,274
2023-11-15 09:10:00,17.16,17.16,17.16,17.16,150
2023-11-15 09:20:00,17.0,17.0,16.94,17.0,504
2023-11-15 09:25:00,16.94,16.97,16.94,16.94,305
2023-11-15 09:30:00,17.05,17.15,16.88,17.15,34189
2023-11-15 09:35:00,17.17,17.56,17.13,17.5,35583
2023-11-15 09:40:00,17.535,17.62,17.35,17.36,45820
2023-11-15 09:45:00,17.41,17.56,17.32,17.52,27076
2023-11-15 09:50:00,17.56,17.61,17.415,17.43,25197
2023-11-15 09:55:00,17.415,17.415,17.2,17.372,49809
2023-11-15 10:00:00,17.385,17.46,17.34,17.43,20128
2023-11-15 10:05:00,17.45,17.55,17.45,17.501,24666
2023-11-15 10:10:00,17.51,17.54,17.41,17.485,28020
2023-11-15 10:15:00,17.5,17.66,17.495,17.61,46178
2023-11-15 10:20:00,17.595,17.78,17.58,17.78,44858
2023-11-15 10:25:00,17.78,17.81,17.71,17.72,51354
2023-11-15 10:30:00,17.73,17.8,17.72,17.8,30534
2023-11-15 10:35:00,17.79,17.808,17.731,17.771,13316
2023-11-15 10:40:00,17.76,17.82,17.73,17.81,40994
2023-11-15 10:45:00,17.82,17.84,17.78,17.79,17780
2023-11-15 10:50:00,17.798,17.81,17.759,17.78,12736
2023-11-15 10:55:00,17.81,17.87,17.79,17.82,37080
2023-11-15 11:00:00,17.81,17.84,17.66,17.69,45781
2023-11-15 11:05:00,17.689,17.7,17.655,17.68,22142
2023-11-15 11:10:00,17.68,17.73,17.63,17.63,27191
2023-11-15 11:15:00,17.655,17.73,17.645,17.675,35896
2023-11-15 11:20:00,17.66,17.7,17.65,17.67,27768
2023-11-15 11:25:00,17.68,17.68,17.62,17.66,17242
2023-11-15 11:30:00,17.645,17.69,17.62,17.66,22969
2023-11-15 11:35:00,17.64,17.64,17.49,17.5,16543
2023-11-15 11:40:00,17.504,17.51,17.445,17.475,26617
2023-11-15 11:45:00,17.48,17.54,17.48,17.51,14751
2023-11-15 11:50:00,17.49,17.51,17.41,17.44,19432
2023-11-15 11:55:00,17.42,17.43,17.38,17.39,16156
2023-11-15 12:00:00,17.38,17.42,17.33,17.35,44946
2023-11-15 12:05:00,17.35,17.42,17.34,17.38,15467
2023-11-15 12:10:00,17.42,17.43,17.373,17.4,5443
2023-11-15 12:15:00,17.4,17.4,17.331,17.39,12866
2023-11-15 12:20:00,17.4,17.42,17.34,17.38,10728
2023-11-15 12:25:00,17.37,17.465,17.37,17.46,18292
2023-11-15 12:30:00,17.46,17.505,17.385,17.44,16376
2023-11-15 12:35:00,17.49,17.506,17.43,17.49,22383
2023-11-15 12:40:00,17.49,17.49,17.4,17.425,18010
2023-11-15 12:45:00,17.41,17.46,17.39,17.4,7974
2023-11-15 12:50:00,17.39,17.42,17.38,17.41,5232
2023-11-15 12:55:00,17.41,17.41,17.32,17.34,11134
2023-11-15 13:00:00,17.34,17.34,17.204,17.204,14258
2023-11-15 13:05:00,17.208,17.25,17.16,17.205,14264
2023-11-15 13:10:00,17.205,17.24,17.11,17.11,23369
2023-11-15 13:15:00,17.11,17.14,17.0,17.1,52804
2023-11-15 13:20:00,17.11,17.121,17.06,17.07,12097
2023-11-15 13:25:00,17.07,17.155,17.06,17.11,20365
2023-11-15 13:30:00,17.12,17.195,17.1,17.18,18345
2023-11-15 13:35:00,17.186,17.19,17.14,17.16,9328
2023-11-15 13:40:00,17.17,17.23,17.169,17.17,12256
2023-11-15 13:45:00,17.18,17.266,17.18,17.25,12280
2023-11-15 13:50:00,17.26,17.27,17.22,17.24,11372
2023-11-15 13:55:00,17.24,17.25,17.23,17.25,3209
2023-11-15 14:00:00,17.255,17.34,17.252,17.32,27126
2023-11-15 14:05:00,17.3,17.33,17.27,17.27,14450
2023-11-15 14:10:00,17.29,17.31,17.285,17.31,2821
2023-11-15 14:15:00,17.29,17.31,17.235,17.246,8236
2023-11-15 14:20:00,17.25,17.27,17.23,17.26,8883
2023-11-15 14:25:00,17.252,17.28,17.25,17.275,7591
2023-11-15 14:30:00,17.28,17.29,17.27,17.29,9058
2023-11-15 14:35:00,17.285,17.32,17.285,17.29,10157
2023-11-15 14:40:00,17.296,17.31,17.28,17.29,10086
2023-11-15 14:45:00,17.27,17.288,17.25,17.27,7877
2023-11-15 14:50:00,17.28,17.33,17.28,17.32,8031
2023-11-15 14:55:00,17.32,17.34,17.31,17.339,11009
2023-11-15 15:00:00,17.34,17.34,17.32,17.32,5184
2023-11-15 15:05:00,17.32,17.32,17.27,17.28,11490
2023-11-15 15:10:00,17.28,17.3,17.28,17.29,14879
2023-11-15 15:15:00,17.295,17.35,17.285,17.315,12871
2023-11-15 15:20:00,17.31,17.34,17.29,17.29,16271
2023-11-15 15:25:00,17.3,17.31,17.29,17.31,8980
2023-11-15 15:30:00,17.3,17.3,17.255,17.255,13279
2023-11-15 15:35:00,17.25,17.26,17.23,17.25,18582
2023-11-15 15:40:00,17.245,17.28,17.195,17.195,35009
2023-11-15 15:45:00,17.195,17.2,17.14,17.145,34785
2023-11-15 15:50:00,17.14,17.155,17.115,17.14,59901
2023-11-15 15:55:00,17.13,17.18,17.12,17.14,134007
2023-11-15 16:00:00,17.14,17.15,17.14,17.15,235757
2023-11-15 16:05:00,17.05,17.05,17.05,17.05,31
2023-11-15 16:10:00,17.15,17.15,17.15,17.15,112542
2023-11-15 16:15:00,17.1,17.15,17.1,17.15,19
2023-11-15 16:20:00,17.15,17.15,17.002,17.002,1662
2023-11-15 16:25:00,17.05,17.05,17.05,17.05,1
2023-11-15 16:35:00,17.06,17.06,17.06,17.06,78
2023-11-15 17:05:00,17.18,17.27,17.18,17.27,43
2023-11-15 17:10:00,17.27,17.27,17.05,17.05,207
2023-11-15 17:15:00,17.012,17.012,17.012,17.012,350
2023-11-15 17:25:00,17.01,17.01,17.01,17.01,30
2023-11-15 17:30:00,17.26,17.27,17.26,17.27,4
2023-11-15 17:50:00,17.27,17.27,17.27,17.27,500
2023-11-15 18:00:00,17.05,17.25,17.05,17.25,218
2023-11-15 18:15:00,17.25,17.25,17.25,17.25,10
2023-11-15 18:20:00,17.25,17.25,17.25,17.25,2
2023-11-15 18:25:00,17.25,17.25,17.05,17.05,150
2023-11-15 18:30:00,17.15,17.15,17.15,17.15,112542
2023-11-15 18:45:00,17.05,17.24,17.05,17.24,800
2023-11-15 18:50:00,17.25,17.25,17.25,17.25,35
2023-11-15 18:55:00,17.25,17.25,17.25,17.25,5
2023-11-15 19:00:00,17.15,17.25,17.15,17.25,112578
2023-11-15 19:10:00,17.23,17.23,17.23,17.23,20
2023-11-15 19:30:00,17.15,17.23,17.15,17.23,97
2023-11-15 19:35:00,17.13,17.13,17.13,17.13,50
2023-11-15 19:45:00,17.15,17.15,17.15,17.15,153
2023-11-15 19:55:00,17.14,17.14,17.14,17.14,250
2023-11-16 06:55:00,17.15,17.15,17.15,17.15,4
2023-11-16 07:00:00,17.15,17.15,17.15,17.15,200
2023-11-16 07:05:00,17.15,17.15,16.89,16.89,2513
2023-11-16 07:10:00,16.96,16.96,16.96,16.96,100
2023-11-16 08:00:00,16.97,16.97,16.97,16.97,1
2023-11-16 08:05:00,16.96,16.96,16.96,16.96,4
2023-11-16 08:10:00,16.97,16.97,16.96,16.96,100
2023-11-16 08:50:00,17.0,17.0,17.0,17.0,1
2023-11-16 08:55:00,17.24,17.24,17.24,17.24,100
2023-11-16 09:00:00,17.01,17.23,17.0,17.23,1050
2023-11-16 09:05:00,17.24,17.24,17.24,17.24,100
2023-11-16 09:10:00,17.0,17.0,17.0,17.0,5
2023-11-16 09:20:00,17.2,17.2,17.2,17.2,100
2023-11-16 09:25:00,17.21,17.21,17.01,17.01,600
2023-11-16 09:30:00,17.0,17.0,16.5,16.51,34395
2023-11-16 09:35:00,16.5,16.56,16.16,16.56,59671
2023-11-16 09:40:00,16.5,16.53,16.34,16.375,27396
2023-11-16 09:45:00,16.34,16.41,16.21,16.24,20030
2023-11-16 09:50:00,16.24,16.27,16.08,16.239,73532
2023-11-16 09:55:00,16.239,16.31,16.185,16.195,53126
2023-11-16 10:00:00,16.17,16.29,16.17,16.17,30587
2023-11-16 10:05:00,16.17,16.22,16.12,16.14,30203
2023-11-16 10:10:00,16.102,16.102,15.89,15.9,40164
2023-11-16 10:15:00,15.88,15.948,15.85,15.86,27977
2023-11-16 10:20:00,15.877,16.05,15.845,16.03,31615
2023-11-16 10:25:00,16.037,16.06,15.97,16.0,18346
2023-11-16 10:30:00,15.99,16.08,15.92,15.92,22800
2023-11-16 10:35:00,15.92,15.94,15.86,15.875,29014
2023-11-16 10:40:00,15.86,15.919,15.8,15.91,17748
2023-11-16 10:45:00,15.9,15.95,15.89,15.929,32502
2023-11-16 10:50:00,15.92,15.95,15.83,15.86,11243
2023-11-16 10:55:00,15.87,15.9,15.83,15.88,10649
2023-11-16 11:00:00,15.85,15.886,15.805,15.84,9812
2023-11-16 11:05:00,15.83,15.88,15.79,15.845,16415
2023-11-16 11:10:00,15.87,15.87,15.8,15.81,12046
2023-11-16 11:15:00,15.817,15.817,15.74,15.77,11714
2023-11-16 11:20:00,15.75,15.86,15.75,15.82,8770
2023-11-16 11:25:00,15.847,15.865,15.75,15.77,12305
2023-11-16 11:30:00,15.74,15.87,15.74,15.82,13352
2023-11-16 11:35:00,15.82,15.835,15.69,15.69,16496
2023-11-16 11:40:00,15.7,15.78,15.69,15.75,11912
2023-11-16 11:45:00,15.77,15.82,15.756,15.8,6072
2023-11-16 11:50:00,15.79,15.8,15.71,15.72,10047
2023-11-16 11:55:00,15.71,15.84,15.71,15.8,12678
2023-11-16 12:00:00,15.8,15.84,15.77,15.8,9637
2023-11-16 12:05:00,15.78,15.861,15.77,15.861,11319
2023-11-16 12:10:00,15.87,15.87,15.801,15.82,13486
2023-11-16 12:15:00,15.82,15.917,15.82,15.89,28951
2023-11-16 12:20:00,15.9,15.92,15.85,15.88,17602
2023-11-16 12:25:00,15.86,15.885,15.85,15.885,4451
2023-11-16 12:30:00,15.87,15.89,15.85,15.85,3838
2023-11-16 12:35:00,15.84,15.94,15.84,15.94,13419
2023-11-16 12:40:00,15.945,16.0,15.93,15.95,17455
2023-11-16 12:45:00,15.93,15.98,15.901,15.93,9456
2023-11-16 12:50:00,15.91,15.91,15.81,15.81,7639
2023-11-16 12:55:00,15.87,15.87,15.82,15.845,2379
2023-11-16 13:00:00,15.84,15.84,15.8,15.8,7013
2023-11-16 13:05:00,15.8,15.8,15.75,15.75,8839
2023-11-16 13:10:00,15.74,15.749,15.62,15.715,24332
2023-11-16 13:15:00,15.715,15.72,15.675,15.7,3742
2023-11-16 13:20:00,15.7,15.74,15.665,15.73,12807
2023-11-16 13:25:00,15.734,15.76,15.72,15.725,7941
2023-11-16 13:30:00,15.73,15.76,15.72,15.73,7955
2023-11-16 13:35:00,15.74,15.78,15.72,15.73,4425
2023-11-16 13:40:00,15.71,15.725,15.66,15.67,6994
2023-11-16 13:45:00,15.68,15.76,15.66,15.75,10323
2023-11-16 13:50:00,15.72,15.72,15.63,15.67,21475
2023-11-16 13:55:00,15.66,15.67,15.65,15.66,7556
2023-11-16 14:00:00,15.65,15.73,15.64,15.72,12901
2023-11-16 14:05:00,15.71,15.72,15.68,15.69,6819
2023-11-16 14:10:00,15.68,15.73,15.68,15.715,12200
2023-11-16 14:15:00,15.73,15.73,15.69,15.71,2724
2023-11-16 14:20:00,15.7,15.71,15.68,15.71,17946
2023-11-16 14:25:00,15.705,15.705,15.68,15.7,3567
2023-11-16 14:30:00,15.71,15.815,15.71,15.76,14950
2023-11-16 14:35:00,15.76,15.78,15.74,15.75,4374
2023-11-16 14:40:00,15.751,15.79,15.74,15.77,6802
2023-11-16 14:45:00,15.77,15.88,15.77,15.87,8664
2023-11-16 14:50:00,15.87,15.88,15.84,15.85,8306
2023-11-16 14:55:00,15.845,15.88,15.82,15.88,6077
2023-11-16 15:00:00,15.875,15.905,15.86,15.891,9573
2023-11-16 15:05:00,15.89,15.89,15.87,15.88,5517
2023-11-16 15:10:00,15.87,15.92,15.87,15.92,10164
2023-11-16 15:15:00,15.92,15.93,15.9,15.9,9679
2023-11-16 15:20:00,15.9,15.921,15.88,15.9,9421
2023-11-16 15:25:00,15.9,15.91,15.89,15.91,16959
2023-11-16 15:30:00,15.91,15.91,15.822,15.87,14634
2023-11-16 15:35:00,15.86,15.86,15.811,15.84,14879
2023-11-16 15:40:00,15.84,15.84,15.78,15.785,24656
2023-11-16 15:45:00,15.785,15.83,15.785,15.825,70446
2023-11-16 15:50:00,15.825,15.86,15.805,15.815,68411
2023-11-16 15:55:00,15.81,15.89,15.81,15.88,117736
2023-11-16 16:00:00,15.88,15.88,15.88,15.88,278499
2023-11-16 16:05:00,15.83,15.83,15.83,15.83,1
2023-11-16 16:10:00,15.88,15.97,15.88,15.97,130998
2023-11-16 16:20:00,15.93,15.93,15.93,15.93,250
2023-11-16 16:35:00,15.77,15.77,15.77,15.77,25
2023-11-16 16:50:00,15.77,15.97,15.77,15.97,11
2023-11-16 16:55:00,15.96,15.96,15.96,15.96,15
2023-11-16 17:00:00,15.969,16.0,15.96,16.0,530
2023-11-16 17:15:00,16.0,16.0,16.0,16.0,1
2023-11-16 17:55:00,15.95,15.95,15.95,15.95,10
2023-11-16 18:05:00,15.95,15.95,15.95,15.95,10
2023-11-16 18:10:00,15.95,15.95,15.95,15.95,10
2023-11-16 18:30:00,15.88,15.88,15.88,15.88,130996
2023-11-16 19:00:00,15.88,15.88,15.88,15.88,130996
2023-11-16 19:05:00,15.95,15.95,15.95,15.95,100
2023-11-16 19:20:00,15.881,15.881,15.881,15.881,16
2023-11-16 19:25:00,15.9,15.9,15.9,15.9,10
2023-11-16 19:30:00,16.0,16.0,16.0,16.0,5
2023-11-16 19:40:00,15.88,15.88,15.881,15.881,100
2023-11-16 19:55:00,15.91,16.0,15.9,16.0,140
2023-11-17 08:00:00,16.08,16.2,16.0,16.16,1117
2023-11-17 08:05:00,16.2,16.2,16.2,16.2,1500
2023-11-17 08:15:00,16.24,16.24,16.24,16.24,20
2023-11-17 08:20:00,16.24,16.24,16.24,16.24,38
2023-11-17 08:25:00,16.24,16.24,16.24,16.24,1
2023-11-17 08:30:00,16.24,16.24,16.24,16.24,2
2023-11-17 08:45:00,16.18,16.22,16.13,16.17,4938
2023-11-17 08:50:00,16.22,16.23,16.21,16.23,3788
2023-11-17 08:55:00,16.24,16.24,16.22,16.22,352
2023-11-17 09:00:00,16.22,16.22,16.22,16.22,1573
2023-11-17 09:05:00,16.2,16.2,16.18,16.18,101
2023-11-17 09:10:00,16.2,16.21,16.18,16.18,8738
2023-11-17 09:15:00,16.11,16.18,16.1,16.11,4749
2023-11-17 09:20:00,16.06,16.06,16.06,16.06,500
2023-11-17 09:25:00,16.1,16.1,16.05,16.05,791
2023-11-17 09:30:00,16.01,16.13,15.88,16.13,55649
2023-11-17 09:35:00,16.11,16.11,15.84,15.86,27231
2023-11-17 09:40:00,15.86,15.93,15.76,15.91,17788
2023-11-17 09:45:00,15.94,15.99,15.86,15.91,14067
2023-11-17 09:50:00,15.89,15.89,15.825,15.84,16387
2023-11-17 09:55:00,15.852,15.965,15.82,15.965,16828
2023-11-17 10:00:00,15.98,15.985,15.89,15.91,11216
2023-11-17 10:05:00,15.91,16.0,15.89,15.965,29028
2023-11-17 10:10:00,15.95,15.95,15.85,15.88,12728
2023-11-17 10:15:00,15.87,15.998,15.87,15.985,8759
2023-11-17 10:20:00,16.0,16.13,15.98,16.09,49566
2023-11-17 10:25:00,16.093,16.093,15.98,16.05,20192
2023-11-17 10:30:00,16.05,16.05,15.99,16.03,10210
2023-11-17 10:35:00,16.06,16.06,16.005,16.06,6200
2023-11-17 10:40:00,16.085,16.14,16.035,16.09,12114
2023-11-17 10:45:00,16.1,16.128,16.03,16.128,12928
2023-11-17 10:50:00,16.13,16.2,16.1,16.18,11411
2023-11-17 10:55:00,16.18,16.229,16.156,16.19,22728
2023-11-17 11:00:00,16.22,16.22,16.11,16.115,14727
2023-11-17 11:05:00,16.1,16.1,16.0,16.04,21546
2023-11-17 11:10:00,16.02,16.11,15.996,16.09,8480
2023-11-17 11:15:00,16.096,16.096,16.05,16.07,4724
2023-11-17 11:20:00,16.06,16.08,16.05,16.06,8869
2023-11-17 11:25:00,16.05,16.06,16.01,16.041,5555
2023-11-17 11:30:00,16.04,16.04,15.98,16.0,5439
2023-11-17 11:35:00,16.0,16.03,15.98,16.01,4054
2023-11-17 11:40:00,16.0,16.03,15.95,16.0,4156
2023-11-17 11:45:00,15.99,16.0,15.99,16.0,1223
2023-11-17 11:50:00,15.995,16.01,15.98,15.98,6907
2023-11-17 11:55:00,15.98,16.06,15.97,16.06,6846
2023-11-17 12:00:00,16.06,16.15,16.06,16.1,7741
2023-11-17 12:05:00,16.09,16.13,16.08,16.09,9031
2023-11-17 12:10:00,16.11,16.11,16.07,16.07,6452
2023-11-17 12:15:00,16.08,16.14,16.08,16.13,14482
2023-11-17 12:20:00,16.14,16.14,16.11,16.12,6056
2023-11-17 12:25:00,16.12,16.12,16.07,16.09,6492
2023-11-17 12:30:00,16.095,16.095,16.081,16.081,2629
2023-11-17 12:35:00,16.09,16.115,16.08,16.1,7564
2023-11-17 12:40:00,16.09,16.11,16.06,16.11,3225
2023-11-17 12:45:00,16.11,16.11,16.08,16.1,5034
2023-11-17 12:50:00,16.1,16.1,16.09,16.09,732
2023-11-17 12:55:00,16.108,16.14,16.1,16.14,4393
2023-11-17 13:00:00,16.15,16.18,16.15,16.16,7790
2023-11-17 13:05:00,16.14,16.14,16.117,16.137,1400
2023-11-17 13:10:00,16.14,16.21,16.14,16.21,12898
2023-11-17 13:15:00,16.2,16.229,16.199,16.229,14261
2023-11-17 13:20:00,16.21,16.21,16.16,16.162,10128
2023-11-17 13:25:00,16.16,16.24,16.16,16.18,3415
2023-11-17 13:30:00,16.18,16.26,16.14,16.231,20291
2023-11-17 13:35:00,16.24,16.24,16.19,16.22,11315
2023-11-17 13:40:00,16.22,16.22,16.18,16.185,6954
2023-11-17 13:45:00,16.19,16.2,16.16,16.19,7677
2023-11-17 13:50:00,16.17,16.2,16.17,16.18,5074
2023-11-17 13:55:00,16.194,16.23,16.194,16.23,8300
2023-11-17 14:00:00,16.25,16.29,16.25,16.29,13064
2023-11-17 14:05:00,16.299,16.33,16.27,16.31,30135
2023-11-17 14:10:00,16.28,16.32,16.26,16.26,13837
2023-11-17 14:15:00,16.26,16.29,16.26,16.27,5616
2023-11-17 14:20:00,16.26,16.3,16.245,16.3,6667
2023-11-17 14:25:00,16.29,16.31,16.28,16.29,9031
2023-11-17 14:30:00,16.295,16.295,16.22,16.22,15391
2023-11-17 14:35:00,16.2,16.245,16.2,16.2,8272
2023-11-17 14:40:00,16.19,16.19,16.16,16.19,11907
2023-11-17 14:45:00,16.197,16.197,16.175,16.18,3061
2023-11-17 14:50:00,16.19,16.245,16.19,16.23,17447
2023-11-17 14:55:00,16.235,16.25,16.23,16.23,4263
2023-11-17 15:00:00,16.24,16.24,16.225,16.23,5492
2023-11-17 15:05:00,16.24,16.31,16.24,16.305,17762
2023-11-17 15:10:00,16.305,16.305,16.26,16.26,13873
2023-11-17 15:15:00,16.24,16.29,16.23,16.29,6333
2023-11-17 15:20:00,16.28,16.3,16.28,16.3,13580
2023-11-17 15:25:00,16.305,16.305,16.2,16.21,19580
2023-11-17 15:30:00,16.21,16.21,16.12,16.13,35353
2023-11-17 15:35:00,16.125,16.14,16.1,16.122,19745
2023-11-17 15:40:00,16.12,16.22,16.115,16.21,20532
2023-11-17 15:45:00,16.2,16.23,16.195,16.228,21245
2023-11-17 15:50:00,16.23,16.24,16.2,16.205,39955
2023-11-17 15:55:00,16.2,16.235,16.19,16.21,128938
2023-11-17 16:00:00,16.21,16.27,16.21,16.22,426914
2023-11-17 16:05:00,16.27,16.27,16.27,16.27,1
2023-11-17 16:10:00,16.22,16.22,16.01,16.01,203302
2023-11-17 16:20:00,16.2,16.54,16.2,16.54,4155
2023-11-17 16:55:00,16.28,16.28,16.28,16.28,10
2023-11-17 17:00:00,16.28,16.28,16.28,16.28,299
2023-11-17 17:30:00,16.53,16.75,16.53,16.7,2104
2023-11-17 17:35:00,16.28,16.28,16.28,16.28,75
2023-11-17 17:45:00,16.7,16.7,16.7,16.7,1
2023-11-17 18:00:00,16.36,16.36,16.36,16.36,15
2023-11-17 18:20:00,16.36,16.36,16.36,16.36,63
2023-11-17 18:30:00,16.22,16.7,16.22,16.7,203283
2023-11-17 19:00:00,16.22,16.68,16.22,16.68,203287
2023-11-17 19:55:00,16.36,16.36,16.26,16.26,511
2023-11-20 04:00:00,15.87,15.87,15.87,15.87,150
2023-11-20 06:05:00,16.24,16.24,16.24,16.24,5
2023-11-20 06:10:00,16.22,16.22,16.22,16.22,4
2023-11-20 06:20:00,16.3,16.3,16.3,16.3,10
2023-11-20 07:35:00,16.27,16.27,16.27,16.27,100
2023-11-20 07:45:00,16.26,16.26,16.26,16.26,100
2023-11-20 08:00:00,16.39,17.11,16.25,17.11,298
2023-11-20 08:05:00,16.27,16.27,16.27,16.27,100
2023-11-20 08:10:00,16.27,16.27,16.27,16.27,100
2023-11-20 08:20:00,16.26,16.26,16.26,16.26,6
2023-11-20 08:25:00,16.27,16.27,16.25,16.25,408
2023-11-20 08:30:00,16.23,16.23,16.22,16.22,676
2023-11-20 08:35:00,16.25,16.25,16.25,16.25,600
2023-11-20 08:40:00,16.29,16.36,16.29,16.36,506
2023-11-20 08:45:00,16.31,16.35,16.31,16.35,200
2023-11-20 08:55:00,16.3,16.35,16.29,16.3,1003
2023-11-20 09:00:00,16.33,16.36,16.3,16.36,175
2023-11-20 09:05:00,16.35,16.46,16.35,16.46,151
2023-11-20 09:20:00,16.449,16.449,16.31,16.31,105
2023-11-20 09:25:00,16.3,16.3,16.22,16.22,600
2023-11-20 09:30:00,16.21,16.24,15.94,16.05,31247
2023-11-20 09:35:00,15.96,16.2,15.95,16.08,22214
2023-11-20 09:40:00,16.146,16.24,16.07,16.19,51693
2023-11-20 09:45:00,16.22,16.22,16.06,16.081,17959
2023-11-20 09:50:00,16.09,16.19,16.09,16.158,5055
2023-11-20 09:55:00,16.2,16.23,16.14,16.23,18368
2023-11-20 10:00:00,16.22,16.239,16.0,16.0,14126
2023-11-20 10:05:00,15.99,16.08,15.99,16.07,9091
2023-11-20 10:10:00,16.05,16.16,16.05,16.15,8798
2023-11-20 10:15:00,16.18,16.19,16.12,16.15,10639
2023-11-20 10:20:00,16.15,16.159,16.01,16.04,11639
2023-11-20 10:25:00,16.02,16.04,15.96,15.98,10347
2023-11-20 10:30:00,15.98,15.99,15.87,15.89,41209
2023-11-20 10:35:00,15.91,15.94,15.86,15.94,20906
2023-11-20 10:40:00,15.95,16.06,15.95,15.98,15995
2023-11-20 10:45:00,16.01,16.06,16.007,16.04,18348
2023-11-20 10:50:00,16.05,16.08,16.01,16.08,5469
2023-11-20 10:55:00,16.109,16.12,16.07,16.07,5103
2023-11-20 11:00:00,16.07,16.1,16.02,16.09,25009
2023-11-20 11:05:00,16.12,16.16,16.1,16.112,8775
2023-11-20 11:10:00,16.1,16.124,16.07,16.124,5368
2023-11-20 11:15:00,16.12,16.57,16.11,16.57,154958
2023-11-20 11:20:00,16.56,16.739,16.37,16.63,142328
2023-11-20 11:25:00,16.635,16.68,16.13,16.18,59149
2023-11-20 11:30:00,16.258,16.39,16.18,16.315,31251
2023-11-20 11:35:00,16.29,16.41,16.29,16.39,27601
2023-11-20 11:40:00,16.34,16.352,16.23,16.29,17879
2023-11-20 11:45:00,16.28,16.28,16.16,16.17,30641
2023-11-20 11:50:00,16.17,16.25,16.12,16.12,27437
2023-11-20 11:55:00,16.14,16.19,16.12,16.16,11085
2023-11-20 12:00:00,16.16,16.22,16.15,16.22,9203
2023-11-20 12:05:00,16.22,16.45,16.2,16.37,40998
2023-11-20 12:10:00,16.36,16.39,16.32,16.38,45933
2023-11-20 12:15:00,16.38,16.48,16.37,16.47,10574
2023-11-20 12:20:00,16.448,16.53,16.39,16.41,31077
2023-11-20 12:25:00,16.38,16.42,16.36,16.36,5250
2023-11-20 12:30:00,16.36,16.42,16.3,16.4,34121
2023-11-20 12:35:00,16.39,16.425,16.38,16.425,7770
2023-11-20 12:40:00,16.41,16.41,16.36,16.38,8004
2023-11-20 12:45:00,16.38,16.39,16.35,16.36,5954
2023-11-20 12:50:00,16.38,16.43,16.35,16.42,8925
2023-11-20 12:55:00,16.42,16.55,16.42,16.51,22618
2023-11-20 13:00:00,16.5,16.56,16.43,16.54,37594
2023-11-20 13:05:00,16.51,16.53,16.43,16.43,22246
2023-11-20 13:10:00,16.43,16.48,16.39,16.39,10178
2023-11-20 13:15:00,16.393,16.44,16.38,16.39,6350
2023-11-20 13:20:00,16.43,16.48,16.39,16.48,6829
2023-11-20 13:25:00,16.485,16.485,16.43,16.48,12784
2023-11-20 13:30:00,16.47,16.5,16.45,16.485,15038
2023-11-20 13:35:00,16.5,16.5,16.48,16.49,2621
2023-11-20 13:40:00,16.47,16.485,16.453,16.47,10085
2023-11-20 13:45:00,16.48,16.49,16.45,16.46,7332
2023-11-20 13:50:00,16.46,16.46,16.42,16.42,5334
2023-11-20 13:55:00,16.43,16.44,16.39,16.395,5836
2023-11-20 14:00:00,16.395,16.44,16.39,16.44,5681
2023-11-20 14:05:00,16.42,16.425,16.4,16.42,5270
2023-11-20 14:10:00,16.42,16.42,16.395,16.405,5926
2023-11-20 14:15:00,16.41,16.41,16.375,16.38,5561
2023-11-20 14:20:00,16.38,16.43,16.38,16.4,6325
2023-11-20 14:25:00,16.4,16.42,16.35,16.35,8202
2023-11-20 14:30:00,16.359,16.38,16.359,16.37,5471
2023-11-20 14:35:00,16.378,16.378,16.34,16.35,9787
2023-11-20 14:40:00,16.34,16.34,16.32,16.33,8701
2023-11-20 14:45:00,16.34,16.37,16.33,16.365,10108
2023-11-20 14:50:00,16.365,16.365,16.29,16.29,9784
2023-11-20 14:55:00,16.29,16.39,16.28,16.375,9730
2023-11-20 15:00:00,16.37,16.38,16.35,16.365,7191
2023-11-20 15:05:00,16.35,16.38,16.31,16.38,14439
2023-11-20 15:10:00,16.38,16.385,16.365,16.37,10016
2023-11-20 15:15:00,16.375,16.375,16.335,16.37,10713
2023-11-20 15:20:00,16.36,16.36,16.31,16.352,13210
2023-11-20 15:25:00,16.35,16.36,16.32,16.33,22047
2023-11-20 15:30:00,16.335,16.35,16.28,16.315,55402
2023-11-20 15:35:00,16.315,16.37,16.31,16.31,40444
2023-11-20 15:40:00,16.32,16.38,16.31,16.345,34832
2023-11-20 15:45:00,16.345,16.36,16.325,16.325,49949
2023-11-20 15:50:00,16.33,16.34,16.31,16.32,53946
2023-11-20 15:55:00,16.325,16.37,16.3,16.36,115622
2023-11-20 16:00:00,16.35,16.37,16.2,16.2,299876
2023-11-20 16:05:00,16.24,16.24,16.21,16.22,10
2023-11-20 16:10:00,16.37,16.37,16.37,16.37,141729
2023-11-20 16:40:00,16.37,16.37,16.21,16.21,3
2023-11-20 17:35:00,16.2,16.2,16.2,16.2,1
2023-11-20 18:30:00,16.37,16.37,16.37,16.37,141729
2023-11-20 19:00:00,16.37,16.37,16.37,16.37,141729
2023-11-20 19:15:00,16.36,16.36,16.36,16.36,22
2023-11-20 19:25:00,16.36,16.36,16.36,16.36,5
2023-11-20 19:30:00,16.36,16.36,16.35,16.35,28
2023-11-20 19:40:00,16.36,16.36,16.36,16.36,4
2023-11-20 19:55:00,16.36,16.36,16.36,16.36,5
2023-11-21 07:00:00,16.46,16.46,16.46,16.46,5
2023-11-21 08:00:00,16.06,16.06,15.7,15.7,28
2023-11-21 08:20:00,16.102,16.3,16.102,16.3,2125
2023-11-21 08:25:00,16.3,16.3,16.3,16.3,55
2023-11-21 08:30:00,16.3,16.3,16.3,16.3,3
2023-11-21 08:35:00,16.25,16.25,16.2,16.2,750
2023-11-21 08:45:00,16.39,16.39,16.39,16.39,5
2023-11-21 08:50:00,16.39,16.39,16.28,16.28,402
2023-11-21 08:55:00,16.3,16.3,16.3,16.3,1878
2023-11-21 09:00:00,16.3,16.3,16.3,16.3,200
2023-11-21 09:05:00,16.3,16.3,16.3,16.3,1
2023-11-21 09:10:00,16.3,16.3,16.3,16.3,1
2023-11-21 09:15:00,16.3,16.3,16.3,16.3,300
2023-11-21 09:30:00,16.18,16.21,15.82,15.95,49930
2023-11-21 09:35:00,15.91,16.06,15.9,15.9,18892
2023-11-21 09:40:00,15.93,15.98,15.83,15.84,11876
2023-11-21 09:45:00,15.855,15.855,15.71,15.738,19087
2023-11-21 09:50:00,15.77,15.78,15.62,15.68,37055
2023-11-21 09:55:00,15.701,15.8,15.61,15.78,28753
2023-11-21 10:00:00,15.8,15.907,15.77,15.77,5530
2023-11-21 10:05:00,15.805,15.84,15.67,15.804,24091
2023-11-21 10:10:00,15.76,15.79,15.71,15.78,13670
2023-11-21 10:15:00,15.76,15.81,15.71,15.71,16824
2023-11-21 10:20:00,15.71,15.71,15.61,15.61,15538
2023-11-21 10:25:00,15.61,15.65,15.53,15.63,50260
2023-11-21 10:30:00,15.61,15.635,15.57,15.57,19022
2023-11-21 10:35:00,15.59,15.63,15.56,15.62,16221
2023-11-21 10:40:00,15.63,15.71,15.61,15.68,26822
2023-11-21 10:45:00,15.67,15.71,15.64,15.66,11944
2023-11-21 10:50:00,15.66,15.741,15.66,15.66,7449
2023-11-21 10:55:00,15.685,15.695,15.61,15.62,13465
2023-11-21 11:00:00,15.61,15.87,15.61,15.81,101279
2023-11-21 11:05:00,15.795,15.92,15.795,15.9,44140
2023-11-21 11:10:00,15.91,15.945,15.86,15.945,28889
2023-11-21 11:15:00,15.94,16.0,15.89,15.91,10352
2023-11-21 11:20:00,15.925,16.01,15.91,15.972,14199
2023-11-21 11:25:00,15.99,15.99,15.94,15.96,6189
2023-11-21 11:30:00,15.96,16.06,15.96,16.04,31500
2023-11-21 11:35:00,16.05,16.121,15.99,15.99,33002
2023-11-21 11:40:00,15.95,15.99,15.91,15.99,12435
2023-11-21 11:45:00,16.0,16.05,15.97,16.039,24557
2023-11-21 11:50:00,16.032,16.04,15.992,16.04,13412
2023-11-21 11:55:00,16.04,16.04,15.98,16.03,14818
2023-11-21 12:00:00,16.025,16.15,16.019,16.15,12974
2023-11-21 12:05:00,16.15,16.17,16.09,16.139,26023
2023-11-21 12:10:00,16.14,16.17,16.11,16.14,10027
2023-11-21 12:15:00,16.138,16.15,16.1,16.12,9261
2023-11-21 12:20:00,16.11,16.15,16.11,16.15,3892
2023-11-21 12:25:00,16.15,16.15,16.12,16.125,8625
2023-11-21 12:30:00,16.13,16.19,16.12,16.147,18194
2023-11-21 12:35:00,16.122,16.169,16.12,16.169,14760
2023-11-21 12:40:00,16.17,16.28,16.16,16.24,42763
2023-11-21 12:45:00,16.24,16.28,16.2,16.2,11084
2023-11-21 12:50:00,16.19,16.275,16.18,16.275,17335
2023-11-21 12:55:00,16.28,16.28,16.24,16.251,6483
2023-11-21 13:00:00,16.25,16.25,16.17,16.19,8937
2023-11-21 13:05:00,16.195,16.195,16.16,16.17,5823
2023-11-21 13:10:00,16.18,16.18,16.15,16.17,5059
2023-11-21 13:15:00,16.16,16.217,16.16,16.19,3170
2023-11-21 13:20:00,16.2,16.2,16.06,16.132,17345
2023-11-21 13:25:00,16.14,16.18,16.14,16.14,6105
2023-11-21 13:30:00,16.14,16.21,16.14,16.2,4667
2023-11-21 13:35:00,16.205,16.25,16.205,16.23,5158
2023-11-21 13:40:00,16.23,16.23,16.2,16.2,5526
2023-11-21 13:45:00,16.21,16.25,16.205,16.25,8478
2023-11-21 13:50:00,16.24,16.24,16.215,16.23,5632
2023-11-21 13:55:00,16.235,16.235,16.19,16.19,4024
2023-11-21 14:00:00,16.205,16.3,16.195,16.3,6934
2023-11-21 14:05:00,16.3,16.3,16.21,16.23,6655
2023-11-21 14:10:00,16.22,16.27,16.216,16.25,5217
2023-11-21 14:15:00,16.24,16.25,16.22,16.23,9317
2023-11-21 14:20:00,16.24,16.27,16.235,16.26,6256
2023-11-21 14:25:00,16.26,16.3,16.26,16.27,7903
2023-11-21 14:30:00,16.261,16.261,16.22,16.22,5738
2023-11-21 14:35:00,16.22,16.24,16.21,16.215,6962
2023-11-21 14:40:00,16.215,16.225,16.18,16.19,14548
2023-11-21 14:45:00,16.19,16.21,16.18,16.18,7693
2023-11-21 14:50:00,16.19,16.19,16.143,16.17,12946
2023-11-21 14:55:00,16.16,16.18,16.16,16.16,5651
2023-11-21 15:00:00,16.16,16.21,16.155,16.18,9774
2023-11-21 15:05:00,16.177,16.18,16.15,16.165,8802
2023-11-21 15:10:00,16.18,16.2,16.18,16.182,7214
2023-11-21 15:15:00,16.2,16.2,16.16,16.18,10220
2023-11-21 15:20:00,16.18,16.2,16.16,16.16,11060
2023-11-21 15:25:00,16.16,16.16,16.13,16.14,8593
2023-11-21 15:30:00,16.15,16.18,16.15,16.17,15976
2023-11-21 15:35:00,16.18,16.18,16.11,16.12,18655
2023-11-21 15:40:00,16.12,16.12,16.04,16.07,53234
2023-11-21 15:45:00,16.07,16.105,16.06,16.07,23634
2023-11-21 15:50:00,16.071,16.13,16.07,16.115,36231
2023-11-21 15:55:00,16.115,16.14,16.08,16.13,89479
2023-11-21 16:00:00,16.13,16.13,16.13,16.13,204871
2023-11-21 16:10:00,16.13,16.16,16.13,16.16,96588
2023-11-21 16:45:00,16.16,16.16,16.16,16.16,250
2023-11-21 16:50:00,16.0,16.16,16.0,16.16,26
2023-11-21 17:40:00,16.17,16.17,16.17,16.17,125
2023-11-21 17:45:00,16.0,16.0,16.0,16.0,4
2023-11-21 18:20:00,16.0,16.0,16.0,16.0,65
2023-11-21 18:30:00,16.13,16.13,16.13,16.13,96488
2023-11-21 19:00:00,16.13,16.13,16.13,16.13,96488
2023-11-21 19:05:00,16.0,16.0,16.0,16.0,60
2023-11-21 19:45:00,16.05,16.05,16.05,16.05,8
2023-11-22 07:55:00,16.2,16.2,16.2,16.2,100
2023-11-22 08:00:00,16.25,16.25,16.25,16.25,2
2023-11-22 08:05:00,16.26,16.26,16.16,16.16,900
2023-11-22 08:25:00,16.08,16.08,16.08,16.08,50
2023-11-22 08:30:00,16.081,16.082,16.08,16.08,17
2023-11-22 08:50:00,16.09,16.09,16.09,16.09,73
2023-11-22 08:55:00,16.21,16.25,16.21,16.22,107
2023-11-22 09:00:00,16.18,16.22,16.14,16.14,12045
2023-11-22 09:20:00,16.25,16.25,16.19,16.19,49
2023-11-22 09:25:00,16.25,16.25,16.25,16.25,1
2023-11-22 09:30:00,16.3,16.45,16.14,16.15,26088
2023-11-22 09:35:00,16.122,16.35,16.122,16.35,9968
2023-11-22 09:40:00,16.34,16.4,16.26,16.29,15549
2023-11-22 09:45:00,16.27,16.35,16.11,16.15,14495
2023-11-22 09:50:00,16.15,16.198,16.02,16.125,14506
2023-11-22 09:55:00,16.15,16.21,16.07,16.19,9580
2023-11-22 10:00:00,16.13,16.175,16.09,16.175,7670
2023-11-22 10:05:00,16.14,16.2,16.12,16.198,5993
2023-11-22 10:10:00,16.16,16.17,16.03,16.09,14671
2023-11-22 10:15:00,16.08,16.15,16.05,16.13,4821
2023-11-22 10:20:00,16.16,16.25,16.16,16.209,6218
2023-11-22 10:25:00,16.2,16.2,16.08,16.08,9529
2023-11-22 10:30:00,16.11,16.2,16.095,16.16,11210
2023-11-22 10:35:00,16.17,16.26,16.17,16.21,16281
2023-11-22 10:40:00,16.23,16.26,16.16,16.21,14528
2023-11-22 10:45:00,16.2,16.29,16.19,16.265,6264
2023-11-22 10:50:00,16.25,16.25,16.17,16.18,5191
2023-11-22 10:55:00,16.19,16.2,16.12,16.12,4231
2023-11-22 11:00:00,16.12,16.22,16.11,16.18,10947
2023-11-22 11:05:00,16.15,16.15,16.09,16.14,6327
2023-11-22 11:10:00,16.13,16.19,16.13,16.155,8868
2023-11-22 11:15:00,16.15,16.17,16.13,16.14,20121
2023-11-22 11:20:00,16.13,16.17,16.13,16.16,4950
2023-11-22 11:25:00,16.16,16.16,16.1,16.115,5936
2023-11-22 11:30:00,16.12,16.13,16.07,16.11,11384
2023-11-22 11:35:00,16.11,16.11,16.08,16.08,10263
2023-11-22 11:40:00,16.09,16.1,16.08,16.1,7291
2023-11-22 11:45:00,16.11,16.17,16.088,16.13,9086
2023-11-22 11:50:00,16.12,16.18,16.1,16.16,8176
2023-11-22 11:55:00,16.16,16.16,16.14,16.16,2770
2023-11-22 12:00:00,16.15,16.21,16.15,16.19,16210
2023-11-22 12:05:00,16.19,16.19,16.15,16.15,3545
2023-11-22 12:10:00,16.14,16.15,16.08,16.11,12519
2023-11-22 12:15:00,16.094,16.14,16.093,16.13,4159
2023-11-22 12:20:00,16.13,16.13,16.1,16.1,3804
2023-11-22 12:25:00,16.1,16.13,16.04,16.042,20816
2023-11-22 12:30:00,16.04,16.05,15.97,16.015,15763
2023-11-22 12:35:00,16.04,16.055,16.04,16.053,1193
2023-11-22 12:40:00,16.05,16.05,16.02,16.02,2639
2023-11-22 12:45:00,16.01,16.01,15.97,15.97,18742
2023-11-22 12:50:00,15.97,16.001,15.96,15.99,11438
2023-11-22 12:55:00,15.95,15.95,15.93,15.93,2283
2023-11-22 13:00:00,15.93,15.95,15.89,15.9,7561
2023-11-22 13:05:00,15.9,15.93,15.84,15.85,13699
2023-11-22 13:10:00,15.84,15.895,15.84,15.878,14372
2023-11-22 13:15:00,15.85,15.889,15.85,15.87,5885
2023-11-22 13:20:00,15.875,15.95,15.875,15.95,6440
2023-11-22 13:25:00,15.95,15.96,15.91,15.92,3991
2023-11-22 13:30:00,15.925,15.93,15.92,15.92,3295
2023-11-22 13:35:00,15.915,15.94,15.91,15.91,4716
2023-11-22 13:40:00,15.91,15.925,15.89,15.89,5346
2023-11-22 13:45:00,15.86,15.87,15.85,15.85,3734
2023-11-22 13:50:00,15.855,15.88,15.855,15.865,3780
2023-11-22 13:55:00,15.865,15.87,15.82,15.82,5203
2023-11-22 14:00:00,15.84,15.879,15.837,15.875,7383
2023-11-22 14:05:00,15.9,15.9,15.89,15.9,977
2023-11-22 14:10:00,15.905,15.905,15.85,15.85,5815
2023-11-22 14:15:00,15.84,15.875,15.821,15.86,6828
2023-11-22 14:20:00,15.855,15.89,15.845,15.89,7640
2023-11-22 14:25:00,15.88,15.89,15.87,15.89,5318
2023-11-22 14:30:00,15.88,15.95,15.875,15.89,34911
2023-11-22 14:35:00,15.87,15.903,15.86,15.9,7834
2023-11-22 14:40:00,15.89,15.94,15.88,15.94,9847
2023-11-22 14:45:00,15.95,15.96,15.88,15.885,16623
2023-11-22 14:50:00,15.9,15.92,15.9,15.9,3434
2023-11-22 14:55:00,15.9,15.92,15.9,15.915,5217
2023-11-22 15:00:00,15.915,15.925,15.91,15.92,5556
2023-11-22 15:05:00,15.93,15.95,15.93,15.93,5912
2023-11-22 15:10:00,15.92,15.92,15.88,15.89,9687
2023-11-22 15:15:00,15.88,15.88,15.8,15.82,28814
2023-11-22 15:20:00,15.82,15.83,15.8,15.8,9366
2023-11-22 15:25:00,15.81,15.81,15.755,15.79,12724
2023-11-22 15:30:00,15.819,15.91,15.81,15.887,20631
2023-11-22 15:35:00,15.87,15.89,15.8,15.8,18556
2023-11-22 15:40:00,15.8,15.82,15.8,15.8,22748
2023-11-22 15:45:00,15.8,15.83,15.8,15.8,33095
2023-11-22 15:50:00,15.81,15.825,15.755,15.76,32556
2023-11-22 15:55:00,15.77,15.82,15.73,15.77,110154
2023-11-22 16:00:00,15.77,15.78,15.77,15.78,123418
2023-11-22 16:05:00,15.83,15.85,15.5,15.85,20
2023-11-22 16:10:00,15.78,15.79,15.78,15.79,54685
2023-11-22 16:35:00,15.92,15.92,15.92,15.92,10
2023-11-22 16:40:00,15.91,15.91,15.91,15.91,50
2023-11-22 17:05:00,15.919,15.919,15.75,15.75,1501
2023-11-22 17:25:00,15.91,15.91,15.91,15.91,1
2023-11-22 18:10:00,15.92,15.92,15.92,15.92,100
2023-11-22 18:15:00,15.8,15.8,15.8,15.8,100
2023-11-22 18:30:00,15.78,15.92,15.78,15.92,54694
2023-11-22 18:35:00,15.92,15.92,15.92,15.92,1000
2023-11-22 18:55:00,15.91,16.0,15.91,16.0,2875
2023-11-22 19:00:00,15.78,15.78,15.78,15.78,54684
2023-11-22 19:10:00,16.02,16.02,16.02,16.02,5
2023-11-22 19:20:00,16.0,16.0,16.0,16.0,100
2023-11-22 19:25:00,16.0,16.0,16.0,16.0,300
2023-11-22 19:30:00,16.0,16.0,16.0,16.0,2763
2023-11-22 19:35:00,16.0,16.0,16.0,16.0,280
2023-11-22 19:45:00,16.1,16.1,16.1,16.1,10
2023-11-24 06:10:00,16.29,16.5,16.29,16.5,1000
2023-11-24 06:30:00,16.48,16.5,16.29,16.5,2232
2023-11-24 06:40:00,16.52,16.52,16.5,16.5,650
2023-11-24 06:45:00,16.51,16.51,16.51,16.51,20
2023-11-24 06:50:00,16.51,16.51,16.5,16.5,2876
2023-11-24 07:00:00,16.42,16.43,16.4,16.4,3227
2023-11-24 07:05:00,16.4,16.4,16.4,16.4,1993
2023-11-24 07:20:00,16.36,16.36,16.36,16.36,100
2023-11-24 07:25:00,16.4,16.4,16.4,16.4,5000
2023-11-24 07:35:00,16.33,16.36,16.33,16.36,6
2023-11-24 07:40:00,16.41,16.41,16.39,16.39,280
2023-11-24 07:50:00,16.36,16.36,16.32,16.33,438
2023-11-24 08:00:00,16.401,16.402,16.33,16.33,2990
2023-11-24 08:05:00,16.35,16.35,16.35,16.35,500
2023-11-24 08:10:00,16.35,16.44,16.35,16.35,160
2023-11-24 08:15:00,16.44,16.44,16.4,16.44,60
2023-11-24 08:25:00,16.44,16.44,16.44,16.44,7
2023-11-24 08:30:00,16.34,16.34,16.2,16.2,1141
2023-11-24 08:55:00,16.16,16.16,16.01,16.01,486
2023-11-24 09:00:00,15.96,15.96,15.86,15.86,1006
2023-11-24 09:10:00,15.89,15.89,15.85,15.86,1695
2023-11-24 09:20:00,15.8,15.8,15.8,15.8,55
2023-11-24 09:25:00,15.85,15.85,15.66,15.66,9300
2023-11-24 09:30:00,15.63,15.885,15.63,15.83,18681
2023-11-24 09:35:00,15.74,15.77,15.65,15.66,13662
2023-11-24 09:40:00,15.66,15.79,15.65,15.75,2438
2023-11-24 09:45:00,15.795,15.795,15.63,15.69,23730
2023-11-24 09:50:00,15.67,15.87,15.665,15.85,13149
2023-11-24 09:55:00,15.84,15.87,15.72,15.76,6046
2023-11-24 10:00:00,15.755,15.824,15.74,15.824,7586
2023-11-24 10:05:00,15.826,15.86,15.78,15.79,11259
2023-11-24 10:10:00,15.79,15.93,15.79,15.915,6094
2023-11-24 10:15:00,15.93,15.98,15.93,15.98,16768
2023-11-24 10:20:00,15.98,16.0,15.915,15.975,6286
2023-11-24 10:25:00,15.96,15.975,15.91,15.92,3060
2023-11-24 10:30:00,15.92,15.95,15.91,15.94,6239
2023-11-24 10:35:00,15.94,15.999,15.94,15.998,5292
2023-11-24 10:40:00,16.01,16.04,15.98,16.04,6593
2023-11-24 10:45:00,16.0,16.0,15.92,15.92,9187
2023-11-24 10:50:00,15.9,15.93,15.82,15.86,7409
2023-11-24 10:55:00,15.88,15.93,15.85,15.93,3887
2023-11-24 11:00:00,15.91,15.947,15.88,15.9,5817
2023-11-24 11:05:00,15.885,15.98,15.885,15.98,6944
2023-11-24 11:10:00,15.973,16.01,15.973,16.01,3322
2023-11-24 11:15:00,16.01,16.01,15.94,15.945,9511
2023-11-24 11:20:00,15.941,15.97,15.92,15.965,2463
2023-11-24 11:25:00,15.94,15.98,15.93,15.95,6290
2023-11-24 11:30:00,15.96,15.97,15.91,15.91,8426
2023-11-24 11:35:00,15.9,15.9,15.9,15.9,257
2023-11-24 11:40:00,15.89,15.94,15.88,15.88,9425
2023-11-24 11:45:00,15.87,15.895,15.86,15.88,4248
2023-11-24 11:50:00,15.86,15.93,15.86,15.93,5041
2023-11-24 11:55:00,15.93,15.96,15.92,15.94,12522
2023-11-24 12:00:00,15.94,15.94,15.84,15.87,6811
2023-11-24 12:05:00,15.85,15.88,15.85,15.87,3781
2023-11-24 12:10:00,15.865,15.93,15.84,15.875,18157
2023-11-24 12:15:00,15.88,15.91,15.86,15.87,5459
2023-11-24 12:20:00,15.89,15.89,15.85,15.89,3431
2023-11-24 12:25:00,15.895,15.91,15.87,15.88,10883
2023-11-24 12:30:00,15.885,15.908,15.865,15.908,8228
2023-11-24 12:35:00,15.91,15.925,15.89,15.91,8704
2023-11-24 12:40:00,15.92,15.93,15.835,15.835,9381
2023-11-24 12:45:00,15.82,15.89,15.82,15.885,6290
2023-11-24 12:50:00,15.885,15.89,15.85,15.87,16351
2023-11-24 12:55:00,15.87,15.915,15.85,15.88,25997
2023-11-24 13:00:00,15.88,15.94,15.88,15.94,78957
2023-11-24 13:05:00,15.939,15.939,15.88,15.88,526
2023-11-24 13:10:00,15.88,15.94,15.88,15.94,38089
2023-11-24 13:15:00,15.95,15.95,15.95,15.95,10
2023-11-24 14:00:00,15.915,15.915,15.915,15.915,6
2023-11-24 14:45:00,15.95,15.95,15.95,15.95,3
2023-11-24 14:55:00,15.905,15.95,15.9,15.915,70
2023-11-24 15:30:00,15.88,15.92,15.88,15.92,38065
2023-11-24 15:55:00,15.88,15.88,15.88,15.88,124
2023-11-24 16:45:00,15.85,15.85,15.85,15.85,4
2023-11-24 17:00:00,15.88,15.88,15.88,15.88,38064
2023-11-27 04:00:00,15.88,15.88,15.88,15.88,20
2023-11-27 06:40:00,16.05,16.05,16.05,16.05,5
2023-11-27 07:00:00,15.86,15.86,15.86,15.86,70
2023-11-27 07:10:00,15.88,15.88,15.85,15.86,201
2023-11-27 08:00:00,15.761,15.761,15.76,15.76,416
2023-11-27 08:05:00,15.81,15.81,15.81,15.81,1
2023-11-27 08:10:00,15.86,15.86,15.86,15.86,1351
2023-11-27 08:25:00,15.84,15.84,15.84,15.84,18
2023-11-27 08:30:00,15.84,15.859,15.84,15.85,159
2023-11-27 08:35:00,15.84,15.84,15.8,15.8,1105
2023-11-27 08:40:00,15.86,15.86,15.86,15.86,1
2023-11-27 08:45:00,15.86,15.86,15.86,15.86,225
2023-11-27 08:55:00,15.81,15.81,15.76,15.76,70
2023-11-27 09:10:00,15.76,15.76,15.76,15.76,100
2023-11-27 09:20:00,15.858,15.858,15.77,15.77,21
2023-11-27 09:25:00,15.76,15.76,15.75,15.75,210
2023-11-27 09:30:00,15.6,15.77,15.43,15.75,53357
2023-11-27 09:35:00,15.75,15.75,15.57,15.64,15429
2023-11-27 09:40:00,15.64,15.65,15.55,15.56,19229
2023-11-27 09:45:00,15.57,15.66,15.55,15.65,12653
2023-11-27 09:50:00,15.62,15.85,15.62,15.76,17143
2023-11-27 09:55:00,15.77,15.77,15.66,15.74,14870
2023-11-27 10:00:00,15.69,15.77,15.61,15.77,16868
2023-11-27 10:05:00,15.76,15.84,15.73,15.82,19982
2023-11-27 10:10:00,15.837,15.98,15.83,15.98,50415
2023-11-27 10:15:00,15.98,16.17,15.95,16.14,46904
2023-11-27 10:20:00,16.155,16.27,16.1,16.1,40266
2023-11-27 10:25:00,16.14,16.19,16.02,16.08,23273
2023-11-27 10:30:00,16.07,16.2,16.07,16.19,24863
2023-11-27 10:35:00,16.19,16.21,16.17,16.19,10478
2023-11-27 10:40:00,16.2,16.26,16.17,16.17,28587
2023-11-27 10:45:00,16.16,16.17,16.02,16.07,31506
2023-11-27 10:50:00,16.05,16.13,16.05,16.06,12308
2023-11-27 10:55:00,16.06,16.06,15.96,16.03,23071
2023-11-27 11:00:00,16.05,16.05,15.94,16.01,15257
2023-11-27 11:05:00,16.02,16.09,15.99,16.065,16233
2023-11-27 11:10:00,16.04,16.04,15.93,15.96,15266
2023-11-27 11:15:00,15.98,16.09,15.96,16.09,20342
2023-11-27 11:20:00,16.08,16.1,16.02,16.075,19697
2023-11-27 11:25:00,16.03,16.08,16.02,16.06,14182
2023-11-27 11:30:00,16.04,16.04,15.991,16.0,20625
2023-11-27 11:35:00,16.0,16.07,16.0,16.05,5287
2023-11-27 11:40:00,16.06,16.13,16.04,16.1,9539
2023-11-27 11:45:00,16.128,16.15,16.1,16.14,12563
2023-11-27 11:50:00,16.14,16.16,16.08,16.14,17754
2023-11-27 11:55:00,16.14,16.141,16.09,16.13,9891
2023-11-27 12:00:00,16.12,16.18,16.08,16.16,10197
2023-11-27 12:05:00,16.151,16.151,16.08,16.15,21095
2023-11-27 12:10:00,16.16,16.16,16.08,16.08,8663
2023-11-27 12:15:00,16.09,16.12,16.09,16.115,10648
2023-11-27 12:20:00,16.1,16.13,16.09,16.11,10468
2023-11-27 12:25:00,16.11,16.11,16.08,16.08,7071
2023-11-27 12:30:00,16.08,16.12,16.08,16.11,8064
2023-11-27 12:35:00,16.11,16.12,16.07,16.07,4987
2023-11-27 12:40:00,16.06,16.11,16.06,16.1,14256
2023-11-27 12:45:00,16.08,16.11,16.04,16.07,6940
2023-11-27 12:50:00,16.06,16.08,16.06,16.06,5587
2023-11-27 12:55:00,16.07,16.1,16.06,16.08,2787
2023-11-27 13:00:00,16.08,16.14,16.06,16.14,12245
2023-11-27 13:05:00,16.11,16.13,16.1,16.1,8441
2023-11-27 13:10:00,16.09,16.105,16.09,16.09,6572
2023-11-27 13:15:00,16.11,16.14,16.09,16.1,7287
2023-11-27 13:20:00,16.105,16.11,16.09,16.09,6124
2023-11-27 13:25:00,16.09,16.09,16.06,16.07,8482
2023-11-27 13:30:00,16.07,16.09,16.05,16.09,6075
2023-11-27 13:35:00,16.08,16.08,16.07,16.07,3968
2023-11-27 13:40:00,16.06,16.08,16.02,16.02,10926
2023-11-27 13:45:00,16.01,16.04,16.0,16.03,4631
2023-11-27 13:50:00,16.03,16.033,16.0,16.0,8307
2023-11-27 13:55:00,16.0,16.03,15.99,16.03,6955
2023-11-27 14:00:00,16.03,16.08,15.98,16.08,7884
2023-11-27 14:05:00,16.07,16.07,16.03,16.03,7832
2023-11-27 14:10:00,16.03,16.04,16.02,16.03,5730
2023-11-27 14:15:00,16.02,16.02,15.99,15.99,8033
2023-11-27 14:20:00,16.0,16.02,15.985,16.02,4253
2023-11-27 14:25:00,16.02,16.05,16.01,16.03,7265
2023-11-27 14:30:00,16.03,16.03,16.0,16.03,7232
2023-11-27 14:35:00,16.04,16.12,16.03,16.11,13868
2023-11-27 14:40:00,16.1,16.1,16.04,16.08,15407
2023-11-27 14:45:00,16.07,16.1,16.07,16.09,20784
2023-11-27 14:50:00,16.08,16.12,16.08,16.11,18674
2023-11-27 14:55:00,16.11,16.11,16.06,16.06,15879
2023-11-27 15:00:00,16.07,16.12,16.07,16.08,12685
2023-11-27 15:05:00,16.08,16.14,16.07,16.12,21968
2023-11-27 15:10:00,16.13,16.18,16.12,16.18,9192
2023-11-27 15:15:00,16.18,16.24,16.165,16.24,7786
2023-11-27 15:20:00,16.24,16.29,16.23,16.26,22177
2023-11-27 15:25:00,16.259,16.28,16.245,16.28,10478
2023-11-27 15:30:00,16.27,16.33,16.24,16.29,39940
2023-11-27 15:35:00,16.29,16.32,16.27,16.315,17566
2023-11-27 15:40:00,16.31,16.37,16.31,16.34,50874
2023-11-27 15:45:00,16.34,16.38,16.32,16.35,43881
2023-11-27 15:50:00,16.35,16.4,16.34,16.345,43651
2023-11-27 15:55:00,16.34,16.39,16.34,16.39,113865
2023-11-27 16:00:00,16.39,16.39,15.91,16.06,202469
2023-11-27 16:05:00,16.06,16.06,16.06,16.06,1
2023-11-27 16:10:00,16.38,16.38,16.38,16.38,89059
2023-11-27 16:20:00,16.38,16.38,16.38,16.38,13
2023-11-27 16:25:00,16.38,16.38,16.38,16.38,25
2023-11-27 16:40:00,16.38,16.38,16.38,16.38,2
2023-11-27 16:45:00,16.37,16.37,16.37,16.37,2
2023-11-27 17:05:00,16.37,16.37,16.37,16.37,750
2023-11-27 17:10:00,16.05,16.05,16.05,16.05,24
2023-11-27 18:00:00,16.06,16.06,16.06,16.06,9
2023-11-27 18:05:00,16.37,16.37,16.37,16.37,201
2023-11-27 18:30:00,16.38,16.38,16.38,16.38,89059
2023-11-27 19:00:00,16.38,16.38,16.37,16.37,89060
2023-11-27 19:05:00,16.37,16.37,16.37,16.37,400
2023-11-27 19:45:00,16.36,16.36,16.36,16.36,12
2023-11-28 07:00:00,16.29,16.29,16.29,16.29,28
2023-11-28 07:30:00,16.36,16.36,16.36,16.36,3
2023-11-28 07:35:00,16.33,16.56,16.33,16.37,1028
2023-11-28 07:55:00,16.46,16.46,16.46,16.46,100
2023-11-28 08:00:00,16.28,16.5,16.26,16.26,142
2023-11-28 08:15:00,16.37,16.37,16.37,16.37,70
2023-11-28 08:25:00,16.49,16.49,16.49,16.49,1
2023-11-28 08:35:00,16.49,16.49,16.49,16.49,3
2023-11-28 08:40:00,16.37,16.37,16.36,16.36,200
2023-11-28 09:05:00,16.48,16.48,16.48,16.48,102
2023-11-28 09:20:00,16.37,16.37,16.37,16.37,50
2023-11-28 09:25:00,16.37,16.37,16.26,16.26,850
2023-11-28 09:30:00,16.29,16.47,16.238,16.43,17134
2023-11-28 09:35:00,16.42,16.425,16.311,16.41,10739
2023-11-28 09:40:00,16.43,16.43,16.33,16.39,6609
2023-11-28 09:45:00,16.41,16.65,16.38,16.563,77400
2023-11-28 09:50:00,16.54,16.73,16.54,16.67,22220
2023-11-28 09:55:00,16.65,16.71,16.6,16.68,14330
2023-11-28 10:00:00,16.65,16.79,16.62,16.767,32468
2023-11-28 10:05:00,16.76,16.87,16.72,16.85,51744
2023-11-28 10:10:00,16.859,17.1,16.73,17.02,121840
2023-11-28 10:15:00,17.015,17.39,17.01,17.37,151026
2023-11-28 10:20:00,17.37,17.45,17.23,17.23,76582
2023-11-28 10:25:00,17.246,17.39,17.193,17.23,75332
2023-11-28 10:30:00,17.24,17.37,17.24,17.31,24942
2023-11-28 10:35:00,17.361,17.361,17.19,17.28,29617
2023-11-28 10:40:00,17.3,17.371,17.26,17.371,24918
2023-11-28 10:45:00,17.35,17.35,17.19,17.28,31158
2023-11-28 10:50:00,17.27,17.4,17.27,17.34,22028
2023-11-28 10:55:00,17.31,17.362,17.27,17.31,16764
2023-11-28 11:00:00,17.31,17.44,17.31,17.32,63318
2023-11-28 11:05:00,17.35,17.36,17.32,17.35,10075
2023-11-28 11:10:00,17.35,17.421,17.28,17.42,45795
2023-11-28 11:15:00,17.415,17.53,17.366,17.48,64454
2023-11-28 11:20:00,17.47,17.55,17.36,17.4,85347
2023-11-28 11:25:00,17.4,17.46,17.38,17.4,9675
2023-11-28 11:30:00,17.41,17.5,17.4,17.48,13467
2023-11-28 11:35:00,17.5,17.55,17.44,17.54,34470
2023-11-28 11:40:00,17.53,17.58,17.49,17.53,24548
2023-11-28 11:45:00,17.545,17.545,17.445,17.5,13696
2023-11-28 11:50:00,17.48,17.51,17.47,17.47,13709
2023-11-28 11:55:00,17.472,17.49,17.45,17.49,13021
2023-11-28 12:00:00,17.49,17.495,17.465,17.485,11415
2023-11-28 12:05:00,17.48,17.49,17.43,17.44,8118
2023-11-28 12:10:00,17.432,17.47,17.43,17.44,11234
2023-11-28 12:15:00,17.44,17.475,17.44,17.45,11299
2023-11-28 12:20:00,17.44,17.51,17.44,17.51,15544
2023-11-28 12:25:00,17.5,17.535,17.49,17.535,7479
2023-11-28 12:30:00,17.52,17.525,17.46,17.5,9082
2023-11-28 12:35:00,17.52,17.56,17.51,17.55,16910
2023-11-28 12:40:00,17.549,17.56,17.5,17.55,16607
2023-11-28 12:45:00,17.55,17.557,17.528,17.529,13169
2023-11-28 12:50:00,17.529,17.54,17.41,17.54,22912
2023-11-28 12:55:00,17.53,17.56,17.5,17.545,19144
2023-11-28 13:00:00,17.53,17.53,17.44,17.44,8918
2023-11-28 13:05:00,17.47,17.52,17.451,17.451,15983
2023-11-28 13:10:00,17.45,17.51,17.43,17.46,19805
2023-11-28 13:15:00,17.46,17.51,17.44,17.49,15857
2023-11-28 13:20:00,17.5,17.551,17.5,17.55,10049
2023-11-28 13:25:00,17.54,17.54,17.516,17.535,8733
2023-11-28 13:30:00,17.53,17.53,17.499,17.5,5795
2023-11-28 13:35:00,17.51,17.52,17.5,17.52,6343
2023-11-28 13:40:00,17.52,17.65,17.51,17.65,26103
2023-11-28 13:45:00,17.64,17.749,17.62,17.73,48172
2023-11-28 13:50:00,17.71,17.74,17.6,17.63,18261
2023-11-28 13:55:00,17.61,17.64,17.6,17.64,8449
2023-11-28 14:00:00,17.65,17.67,17.63,17.635,9736
2023-11-28 14:05:00,17.621,17.635,17.56,17.615,23174
2023-11-28 14:10:00,17.6,17.61,17.56,17.57,12032
2023-11-28 14:15:00,17.56,17.59,17.56,17.56,11395
2023-11-28 14:20:00,17.56,17.65,17.56,17.65,24479
2023-11-28 14:25:00,17.635,17.66,17.62,17.655,12409
2023-11-28 14:30:00,17.65,17.681,17.65,17.65,21386
2023-11-28 14:35:00,17.65,17.789,17.65,17.78,22104
2023-11-28 14:40:00,17.76,17.77,17.7,17.73,27596
2023-11-28 14:45:00,17.74,17.75,17.702,17.72,12311
2023-11-28 14:50:00,17.725,17.765,17.715,17.765,7966
2023-11-28 14:55:00,17.76,17.81,17.7,17.79,40621
2023-11-28 15:00:00,17.785,17.9,17.77,17.855,28316
2023-11-28 15:05:00,17.863,17.863,17.75,17.785,18673
2023-11-28 15:10:00,17.79,17.8,17.78,17.79,13108
2023-11-28 15:15:00,17.79,17.84,17.77,17.82,23188
2023-11-28 15:20:00,17.83,17.83,17.772,17.79,16004
2023-11-28 15:25:00,17.78,17.85,17.78,17.81,14440
2023-11-28 15:30:00,17.8,17.855,17.79,17.855,22000
2023-11-28 15:35:00,17.86,17.98,17.86,17.94,42713
2023-11-28 15:40:00,17.94,17.97,17.9,17.95,38375
2023-11-28 15:45:00,17.95,18.01,17.95,18.0,84688
2023-11-28 15:50:00,18.0,18.055,17.98,18.029,92981
2023-11-28 15:55:00,18.03,18.11,17.98,17.99,232093
2023-11-28 16:00:00,17.99,18.01,17.8,18.0,250777
2023-11-28 16:05:00,18.0,18.0,18.0,18.0,25
2023-11-28 16:10:00,18.01,18.01,17.99,18.0,116520
2023-11-28 16:20:00,17.94,17.94,17.725,17.82,540
2023-11-28 16:30:00,17.75,17.9,17.75,17.75,16
2023-11-28 16:35:00,17.754,17.754,17.75,17.75,1850
2023-11-28 16:40:00,18.0,18.25,18.0,18.25,23
2023-11-28 16:50:00,18.0,18.01,18.0,18.0,510
2023-11-28 16:55:00,18.0,18.0,18.0,18.0,6
2023-11-28 17:00:00,18.0,18.0,18.0,18.0,200
2023-11-28 17:20:00,18.01,18.01,18.0,18.0,90
2023-11-28 17:25:00,18.0,18.0,17.99,18.0,77
2023-11-28 17:30:00,17.91,17.91,17.91,17.91,1
2023-11-28 17:35:00,17.9,17.9,17.9,17.9,1
2023-11-28 17:40:00,17.8,17.8,17.8,17.8,600
2023-11-28 17:45:00,17.8,17.8,17.8,17.8,100
2023-11-28 17:55:00,17.807,17.807,17.807,17.807,11
2023-11-28 18:25:00,18.15,18.15,18.15,18.15,2
2023-11-28 18:30:00,18.01,18.01,18.01,18.01,116390
2023-11-28 18:35:00,18.233,18.233,18.233,18.233,750
2023-11-28 19:00:00,18.01,18.22,18.01,18.22,116490
2023-11-28 19:05:00,17.82,18.24,17.82,18.24,65
2023-11-28 19:25:00,18.24,18.24,18.24,18.24,750
2023-11-28 19:35:00,18.12,18.12,18.12,18.12,1
2023-11-28 19:45:00,18.1,18.1,18.1,18.1,4
2023-11-28 19:55:00,18.12,18.2,18.0,18.0,760
2023-11-29 04:00:00,18.25,18.25,18.24,18.25,350
2023-11-29 04:25:00,18.2,18.2,18.19,18.2,450
2023-11-29 05:25:00,18.21,18.21,18.2,18.2,50
2023-11-29 05:45:00,18.21,18.21,18.2,18.2,25
2023-11-29 06:25:00,18.29,18.49,18.29,18.49,100
2023-11-29 06:45:00,18.4,18.4,18.4,18.4,260
2023-11-29 06:55:00,18.4,18.4,18.4,18.4,36
2023-11-29 07:00:00,18.4,18.4,18.39,18.4,2282
2023-11-29 07:05:00,18.45,18.45,18.45,18.45,50
2023-11-29 07:10:00,18.45,18.5,18.45,18.5,90
2023-11-29 07:15:00,18.49,18.5,18.49,18.5,70
2023-11-29 07:20:00,18.48,18.48,18.4,18.45,1489
2023-11-29 07:25:00,18.42,18.42,18.42,18.42,116
2023-11-29 07:40:00,18.45,18.45,18.45,18.45,100
2023-11-29 07:45:00,18.4,18.4,18.4,18.4,400
2023-11-29 07:50:00,18.43,18.43,18.4,18.4,1931
2023-11-29 08:00:00,18.402,18.5,18.2,18.5,1855
2023-11-29 08:10:00,18.49,18.5,18.49,18.5,1010
2023-11-29 08:15:00,18.5,18.5,18.5,18.5,5
2023-11-29 08:20:00,18.47,18.5,18.47,18.5,2060
2023-11-29 08:25:00,18.5,18.5,18.49,18.5,6850
2023-11-29 08:30:00,18.52,19.75,18.52,19.01,50944
2023-11-29 08:35:00,19.5,19.667,19.35,19.6,8909
2023-11-29 08:40:00,19.52,19.68,19.35,19.35,16737
2023-11-29 08:45:00,19.3,19.46,19.3,19.3,3350
2023-11-29 08:50:00,19.45,19.52,19.2,19.25,24656
2023-11-29 08:55:00,19.3,19.48,19.3,19.4,12323
2023-11-29 09:00:00,19.44,19.66,19.4,19.56,13665
2023-11-29 09:05:00,19.69,19.69,19.5,19.55,15746
2023-11-29 09:10:00,19.61,19.61,19.5,19.6,2033
2023-11-29 09:15:00,19.61,19.61,19.45,19.55,9146
2023-11-29 09:20:00,19.45,19.51,19.4,19.4,18371
2023-11-29 09:25:00,19.4,19.5,18.85,18.96,32657
2023-11-29 09:30:00,18.75,19.233,18.59,18.83,160069
2023-11-29 09:35:00,18.859,18.98,18.62,18.945,100699
2023-11-29 09:40:00,18.96,19.43,18.93,19.07,159162
2023-11-29 09:45:00,19.04,19.14,18.92,19.1,52832
2023-11-29 09:50:00,19.095,19.27,18.94,19.085,64048
2023-11-29 09:55:00,19.1,19.11,18.786,18.806,85307
2023-11-29 10:00:00,18.81,18.86,18.639,18.86,73655
2023-11-29 10:05:00,18.83,18.855,18.582,18.83,69142
2023-11-29 10:10:00,18.855,18.855,18.56,18.61,84208
2023-11-29 10:15:00,18.61,18.636,18.4,18.47,99217
2023-11-29 10:20:00,18.485,18.485,18.05,18.12,196890
2023-11-29 10:25:00,18.158,18.28,18.09,18.21,74923
2023-11-29 10:30:00,18.22,18.25,18.09,18.12,65078
2023-11-29 10:35:00,18.13,18.18,17.977,18.03,107006
2023-11-29 10:40:00,18.04,18.13,18.03,18.13,66500
2023-11-29 10:45:00,18.13,18.222,18.07,18.21,70329
2023-11-29 10:50:00,18.23,18.38,18.18,18.25,30864
2023-11-29 10:55:00,18.28,18.35,18.22,18.27,49513
2023-11-29 11:00:00,18.24,18.35,18.21,18.32,24815
2023-11-29 11:05:00,18.32,18.38,18.29,18.29,32998
2023-11-29 11:10:00,18.29,18.29,18.19,18.19,24745
2023-11-29 11:15:00,18.23,18.235,18.083,18.122,26541
2023-11-29 11:20:00,18.11,18.27,18.11,18.19,18247
2023-11-29 11:25:00,18.19,18.28,18.08,18.14,23832
2023-11-29 11:30:00,18.14,18.37,18.14,18.34,17597
2023-11-29 11:35:00,18.35,18.47,18.288,18.43,41179
2023-11-29 11:40:00,18.442,18.69,18.442,18.66,51251
2023-11-29 11:45:00,18.59,18.77,18.56,18.714,120458
2023-11-29 11:50:00,18.72,18.73,18.64,18.672,27181
2023-11-29 11:55:00,18.67,18.759,18.67,18.73,11000
2023-11-29 12:00:00,18.748,18.78,18.71,18.73,22702
2023-11-29 12:05:00,18.73,18.88,18.712,18.87,25453
2023-11-29 12:10:00,18.87,18.879,18.74,18.78,128621
2023-11-29 12:15:00,18.76,18.91,18.75,18.833,40546
2023-11-29 12:20:00,18.85,18.91,18.81,18.82,30035
2023-11-29 12:25:00,18.82,18.9,18.8,18.805,41419
2023-11-29 12:30:00,18.8,18.825,18.75,18.76,26251
2023-11-29 12:35:00,18.77,18.81,18.74,18.78,33552
2023-11-29 12:40:00,18.8,18.94,18.8,18.94,52230
2023-11-29 12:45:00,18.91,18.94,18.87,18.89,27368
2023-11-29 12:50:00,18.89,18.93,18.85,18.89,14173
2023-11-29 12:55:00,18.9,18.905,18.87,18.89,12629
2023-11-29 13:00:00,18.87,18.9,18.82,18.85,21748
2023-11-29 13:05:00,18.85,18.85,18.64,18.7,35435
2023-11-29 13:10:00,18.69,18.79,18.66,18.78,28164
2023-11-29 13:15:00,18.78,18.82,18.75,18.78,15114
2023-11-29 13:20:00,18.78,18.83,18.76,18.77,18439
2023-11-29 13:25:00,18.767,18.82,18.73,18.75,22179
2023-11-29 13:30:00,18.75,18.775,18.73,18.755,18765
2023-11-29 13:35:00,18.758,18.775,18.74,18.76,13658
2023-11-29 13:40:00,18.755,18.81,18.74,18.8,19802
2023-11-29 13:45:00,18.79,18.86,18.784,18.784,19886
2023-11-29 13:50:00,18.8,18.84,18.79,18.82,13747
2023-11-29 13:55:00,18.83,18.84,18.75,18.82,14207
2023-11-29 14:00:00,18.84,18.85,18.78,18.8,23276
2023-11-29 14:05:00,18.802,18.86,18.802,18.84,22153
2023-11-29 14:10:00,18.845,18.905,18.845,18.86,23402
2023-11-29 14:15:00,18.86,18.965,18.85,18.945,25538
2023-11-29 14:20:00,18.958,18.968,18.89,18.915,24664
2023-11-29 14:25:00,18.91,18.99,18.895,18.97,33384
2023-11-29 14:30:00,18.96,18.97,18.89,18.91,23685
2023-11-29 14:35:00,18.91,18.91,18.82,18.86,29335
2023-11-29 14:40:00,18.86,18.98,18.85,18.96,33830
2023-11-29 14:45:00,18.95,18.951,18.9,18.9,23097
2023-11-29 14:50:00,18.9,18.9,18.845,18.865,21316
2023-11-29 14:55:00,18.87,18.89,18.85,18.885,25038
2023-11-29 15:00:00,18.88,18.88,18.75,18.83,26714
2023-11-29 15:05:00,18.84,18.86,18.79,18.855,27180
2023-11-29 15:10:00,18.85,18.85,18.764,18.795,22130
2023-11-29 15:15:00,18.8,18.82,18.731,18.755,25758
2023-11-29 15:20:00,18.755,18.78,18.672,18.715,31066
2023-11-29 15:25:00,18.71,18.78,18.71,18.78,27248
2023-11-29 15:30:00,18.78,18.8,18.73,18.78,40238
2023-11-29 15:35:00,18.775,18.78,18.73,18.73,44725
2023-11-29 15:40:00,18.735,18.79,18.735,18.79,53281
2023-11-29 15:45:00,18.785,18.89,18.745,18.89,123588
2023-11-29 15:50:00,18.885,18.885,18.75,18.805,110216
2023-11-29 15:55:00,18.805,18.875,18.78,18.78,306092
2023-11-29 16:00:00,18.78,18.78,18.5,18.5,266777
2023-11-29 16:05:00,18.58,18.58,18.58,18.58,1
2023-11-29 16:10:00,18.78,18.78,18.78,18.78,123950
2023-11-29 16:15:00,18.58,18.58,18.58,18.58,25
2023-11-29 16:20:00,18.88,18.88,18.57,18.57,35
2023-11-29 16:30:00,18.78,18.84,18.78,18.84,16
2023-11-29 16:35:00,18.7,18.7,18.7,18.7,31
2023-11-29 16:55:00,18.97,18.97,18.97,18.97,300
2023-11-29 17:00:00,18.57,18.58,18.57,18.58,437
2023-11-29 17:05:00,18.99,18.99,18.99,18.99,2
2023-11-29 17:35:00,18.9,18.9,18.9,18.9,265
2023-11-29 17:55:00,18.85,18.85,18.85,18.85,100
2023-11-29 18:05:00,18.85,18.85,18.85,18.85,4
2023-11-29 18:20:00,18.85,18.89,18.85,18.85,401
2023-11-29 18:30:00,18.78,18.78,18.78,18.78,123950
2023-11-29 18:50:00,18.85,18.85,18.85,18.85,5
2023-11-29 19:00:00,18.78,18.85,18.78,18.85,124050
2023-11-29 19:25:00,18.85,18.85,18.85,18.85,100
2023-11-29 19:30:00,18.85,18.85,18.85,18.85,315
2023-11-29 19:35:00,18.9,18.9,18.9,18.9,5
2023-11-29 19:40:00,18.89,18.89,18.89,18.89,302
2023-11-29 19:45:00,18.85,18.9,18.85,18.9,604
2023-11-29 19:50:00,18.85,18.85,18.85,18.85,28
2023-11-29 19:55:00,18.85,18.9,18.85,18.9,300
2023-11-30 04:40:00,18.35,18.35,18.35,18.35,29
2023-11-30 07:00:00,18.79,18.79,18.79,18.79,10
2023-11-30 07:20:00,18.75,18.98,18.75,18.98,60
2023-11-30 07:50:00,18.99,18.99,18.99,18.99,1
2023-11-30 07:55:00,18.91,18.91,18.9,18.9,112
2023-11-30 08:00:00,18.77,18.99,18.65,18.775,1644
2023-11-30 08:10:00,18.91,18.95,18.91,18.95,535
2023-11-30 08:15:00,18.95,18.95,18.95,18.95,80
2023-11-30 08:20:00,18.97,18.99,18.95,18.95,460
2023-11-30 08:25:00,18.99,19.0,18.99,19.0,576
2023-11-30 08:35:00,19.24,19.25,19.17,19.25,1028
2023-11-30 08:45:00,19.01,19.08,19.0,19.0,2834
2023-11-30 09:10:00,19.09,19.09,19.09,19.09,250
2023-11-30 09:20:00,18.94,19.0,18.94,19.0,2344
2023-11-30 09:25:00,19.0,19.0,18.9,18.9,1507
2023-11-30 09:30:00,18.9,19.16,18.89,18.93,37940
2023-11-30 09:35:00,18.88,18.89,18.57,18.74,30086
2023-11-30 09:40:00,18.66,18.78,18.55,18.77,28876
2023-11-30 09:45:00,18.819,18.89,18.73,18.79,91277
2023-11-30 09:50:00,18.79,18.95,18.7,18.91,20496
2023-11-30 09:55:00,18.903,18.955,18.8,18.88,15170
2023-11-30 10:00:00,18.86,18.914,18.78,18.91,26074
2023-11-30 10:05:00,18.935,19.07,18.93,19.03,34435
2023-11-30 10:10:00,19.02,19.2,18.976,19.183,36067
2023-11-30 10:15:00,19.18,19.2,19.12,19.17,20131
2023-11-30 10:20:00,19.16,19.33,19.14,19.29,47095
2023-11-30 10:25:00,19.3,19.49,19.285,19.4,55363
2023-11-30 10:30:00,19.38,19.38,19.3,19.33,23700
2023-11-30 10:35:00,19.32,19.36,19.22,19.255,38643
2023-11-30 10:40:00,19.28,19.28,19.07,19.21,22036
2023-11-30 10:45:00,19.24,19.24,19.07,19.1,31778
2023-11-30 10:50:00,19.12,19.259,19.09,19.182,23366
2023-11-30 10:55:00,19.21,19.26,19.12,19.24,19134
2023-11-30 11:00:00,19.245,19.315,19.22,19.295,20236
2023-11-30 11:05:00,19.31,19.345,19.284,19.3,13929
2023-11-30 11:10:00,19.32,19.365,19.31,19.32,11425
2023-11-30 11:15:00,19.32,19.32,19.185,19.21,19847
2023-11-30 11:20:00,19.21,19.3,19.2,19.22,13639
2023-11-30 11:25:00,19.22,19.25,19.14,19.17,15352
2023-11-30 11:30:00,19.16,19.19,19.11,19.11,16112
2023-11-30 11:35:00,19.13,19.16,19.08,19.1,15921
2023-11-30 11:40:00,19.1,19.12,19.02,19.12,21878
2023-11-30 11:45:00,19.11,19.12,19.013,19.069,33871
2023-11-30 11:50:00,19.08,19.11,19.0,19.02,13180
2023-11-30 11:55:00,19.03,19.07,18.96,18.97,21707
2023-11-30 12:00:00,18.96,19.015,18.91,19.0,16216
2023-11-30 12:05:00,19.0,19.03,18.973,19.015,16544
2023-11-30 12:10:00,19.005,19.02,18.9,18.93,17297
2023-11-30 12:15:00,18.96,18.96,18.86,18.895,13356
2023-11-30 12:20:00,18.9,19.04,18.87,19.02,39037
2023-11-30 12:25:00,19.04,19.05,19.01,19.05,17612
2023-11-30 12:30:00,19.05,19.08,19.0,19.04,11604
2023-11-30 12:35:00,19.04,19.065,19.035,19.05,16262
2023-11-30 12:40:00,19.04,19.18,19.04,19.17,33725
2023-11-30 12:45:00,19.17,19.205,19.16,19.175,4805
2023-11-30 12:50:00,19.19,19.37,19.18,19.31,40529
2023-11-30 12:55:00,19.31,19.49,19.295,19.48,75156
2023-11-30 13:00:00,19.47,19.55,19.46,19.495,37864
2023-11-30 13:05:00,19.49,19.49,19.39,19.41,21786
2023-11-30 13:10:00,19.41,19.58,19.4,19.57,64366
2023-11-30 13:15:00,19.58,19.8,19.575,19.655,110342
2023-11-30 13:20:00,19.654,19.82,19.654,19.811,37010
2023-11-30 13:25:00,19.79,19.83,19.765,19.77,56679
2023-11-30 13:30:00,19.79,19.8,19.6,19.61,26476
2023-11-30 13:35:00,19.61,19.61,19.52,19.56,17534
2023-11-30 13:40:00,19.575,19.63,19.52,19.52,26209
2023-11-30 13:45:00,19.52,19.52,19.3,19.3,62728
2023-11-30 13:50:00,19.319,19.34,19.26,19.34,22917
2023-11-30 13:55:00,19.32,19.34,19.26,19.28,12294
2023-11-30 14:00:00,19.28,19.327,19.28,19.315,16255
2023-11-30 14:05:00,19.32,19.43,19.32,19.425,21612
2023-11-30 14:10:00,19.42,19.47,19.4,19.46,18843
2023-11-30 14:15:00,19.45,19.48,19.42,19.48,27544
2023-11-30 14:20:00,19.48,19.48,19.42,19.43,21674
2023-11-30 14:25:00,19.422,19.43,19.34,19.34,10679
2023-11-30 14:30:00,19.33,19.43,19.33,19.41,34036
2023-11-30 14:35:00,19.415,19.42,19.37,19.39,8449
2023-11-30 14:40:00,19.385,19.4,19.37,19.38,20417
2023-11-30 14:45:00,19.38,19.389,19.335,19.335,13700
2023-11-30 14:50:00,19.335,19.41,19.335,19.385,16013
2023-11-30 14:55:00,19.385,19.39,19.3,19.31,20307
2023-11-30 15:00:00,19.32,19.4,19.29,19.4,27274
2023-11-30 15:05:00,19.39,19.42,19.35,19.39,26453
2023-11-30 15:10:00,19.395,19.395,19.315,19.315,34856
2023-11-30 15:15:00,19.31,19.31,19.21,19.23,30162
2023-11-30 15:20:00,19.22,19.22,19.13,19.14,16052
2023-11-30 15:25:00,19.14,19.14,19.05,19.07,36846
2023-11-30 15:30:00,19.07,19.12,19.06,19.105,40219
2023-11-30 15:35:00,19.1,19.115,19.07,19.07,25061
2023-11-30 15:40:00,19.075,19.27,19.075,19.26,75422
2023-11-30 15:45:00,19.265,19.3,19.16,19.16,57011
2023-11-30 15:50:00,19.17,19.28,19.165,19.25,71946
2023-11-30 15:55:00,19.26,19.35,19.19,19.2,297839
2023-11-30 16:00:00,19.215,19.22,19.05,19.22,567682
2023-11-30 16:05:00,19.2,19.22,19.2,19.2,437
2023-11-30 16:10:00,19.22,19.22,19.22,19.22,257190
2023-11-30 16:15:00,19.22,19.22,19.22,19.22,1862
2023-11-30 16:20:00,19.22,19.22,19.22,19.22,4413
2023-11-30 16:40:00,19.25,19.25,19.25,19.25,200
2023-11-30 16:50:00,19.49,19.49,19.49,19.49,400
2023-11-30 17:00:00,19.46,19.461,19.46,19.46,125
2023-11-30 17:15:00,19.25,19.25,19.25,19.25,250
2023-11-30 17:20:00,19.34,19.34,19.34,19.34,2
2023-11-30 17:25:00,19.26,19.28,19.26,19.28,190
2023-11-30 17:35:00,19.35,19.36,19.35,19.36,157
2023-11-30 17:40:00,19.3,19.3,19.3,19.3,2000
2023-11-30 17:45:00,19.2,19.5,19.2,19.5,1268
2023-11-30 17:50:00,19.52,19.52,19.5,19.5,35
2023-11-30 17:55:00,19.5,19.5,19.5,19.5,1505
2023-11-30 18:10:00,19.52,19.52,19.5,19.5,360
2023-11-30 18:15:00,19.5,19.5,19.5,19.5,97
2023-11-30 18:25:00,19.5,19.5,19.5,19.5,500
2023-11-30 18:30:00,19.22,19.51,19.22,19.5,256109
2023-11-30 18:40:00,19.6,19.6,19.6,19.6,2
2023-11-30 18:45:00,19.5,19.51,19.41,19.41,2087
2023-11-30 18:50:00,19.37,19.37,19.3,19.3,1400
2023-11-30 18:55:00,19.4,19.4,19.4,19.4,50
2023-11-30 19:00:00,19.22,19.3,19.22,19.3,255059
2023-11-30 19:05:00,19.39,19.39,19.39,19.39,50
2023-11-30 19:20:00,19.49,19.49,19.4,19.4,613
2023-11-30 19:30:00,19.3,19.3,19.3,19.3,1
2023-11-30 19:35:00,19.3,19.3,19.3,19.3,308
2023-11-30 19:45:00,19.39,19.49,19.39,19.49,30
2023-11-30 19:50:00,19.4,19.4,19.4,19.4,25
2023-11-30 19:55:00,19.4,19.4,19.4,19.4,300
